Wavenumber (cm-1),Cleaned Intensity
200.0,2.6855309009552
201.0,2.6813910007476807
202.0,2.651214361190796
203.0,2.604066848754883
204.0,2.587036371231079
205.0,2.6057839393615723
206.0,2.6313138008117676
207.0,2.6400420665740967
208.0,2.6309070587158203
209.0,2.619171380996704
210.0,2.6189467906951904
211.0,2.632578134536743
212.0,2.64923095703125
213.0,2.663689136505127
214.0,2.685917854309082
215.0,2.701258659362793
216.0,2.6914167404174805
217.0,2.6614506244659424
218.0,2.6414716243743896
219.0,2.641192674636841
220.0,2.6424856185913086
221.0,2.6433064937591553
222.0,2.654369831085205
223.0,2.67203688621521
224.0,2.6784915924072266
225.0,2.676194190979004
226.0,2.6746232509613037
227.0,2.680927276611328
228.0,2.711745023727417
229.0,2.741482734680176
230.0,2.737952470779419
231.0,2.70678973197937
232.0,2.679957628250122
233.0,2.680373191833496
234.0,2.6911134719848633
235.0,2.7008886337280273
236.0,2.7054221630096436
237.0,2.7094154357910156
238.0,2.710825204849243
239.0,2.7042953968048096
240.0,2.6925525665283203
241.0,2.6855452060699463
242.0,2.681793212890625
243.0,2.6791908740997314
244.0,2.680443525314331
245.0,2.6869194507598877
246.0,2.6962502002716064
247.0,2.7071521282196045
248.0,2.723935842514038
249.0,2.736752510070801
250.0,2.733410120010376
251.0,2.7156503200531006
252.0,2.7015621662139893
253.0,2.7031047344207764
254.0,2.710564374923706
255.0,2.7151291370391846
256.0,2.710071325302124
257.0,2.7007739543914795
258.0,2.6966001987457275
259.0,2.688253164291382
260.0,2.6769702434539795
261.0,2.675116777420044
262.0,2.6806890964508057
263.0,2.687488555908203
264.0,2.6962432861328125
265.0,2.7246835231781006
266.0,2.750608444213867
267.0,2.749572515487671
268.0,2.7302191257476807
269.0,2.7155978679656982
270.0,2.7133731842041016
271.0,2.7089779376983643
272.0,2.7065868377685547
273.0,2.71419358253479
274.0,2.7270870208740234
275.0,2.731640100479126
276.0,2.721101760864258
277.0,2.707697629928589
278.0,2.7058494091033936
279.0,2.714139938354492
280.0,2.723614454269409
281.0,2.7343146800994873
282.0,2.7657344341278076
283.0,2.7906882762908936
284.0,2.779862403869629
285.0,2.744044303894043
286.0,2.7191054821014404
287.0,2.724768877029419
288.0,2.7412633895874023
289.0,2.748978853225708
290.0,2.7425200939178467
291.0,2.7338550090789795
292.0,2.7339303493499756
293.0,2.746548891067505
294.0,2.7595856189727783
295.0,2.761364698410034
296.0,2.7581870555877686
297.0,2.7535362243652344
298.0,2.747770071029663
299.0,2.741034507751465
300.0,2.739983320236206
301.0,2.756010055541992
302.0,2.7831785678863525
303.0,2.7956621646881104
304.0,2.768281936645508
305.0,2.7266530990600586
306.0,2.7132275104522705
307.0,2.7144079208374023
308.0,2.7169501781463623
309.0,2.7213361263275146
310.0,2.7298498153686523
311.0,2.7384212017059326
312.0,2.7476775646209717
313.0,2.764559745788574
314.0,2.7736856937408447
315.0,2.769224166870117
316.0,2.7629451751708984
317.0,2.7577922344207764
318.0,2.754103899002075
319.0,2.751713991165161
320.0,2.7522125244140625
321.0,2.7608156204223633
322.0,2.770317792892456
323.0,2.771479606628418
324.0,2.7693939208984375
325.0,2.771012544631958
326.0,2.7911579608917236
327.0,2.8363559246063232
328.0,2.864713668823242
329.0,2.847914934158325
330.0,2.8091487884521484
331.0,2.7784268856048584
332.0,2.7507412433624268
333.0,2.7255795001983643
334.0,2.722501039505005
335.0,2.7564890384674072
336.0,2.794558525085449
337.0,2.804762125015259
338.0,2.8079833984375
339.0,2.8055942058563232
340.0,2.787202835083008
341.0,2.752699136734009
342.0,2.7336463928222656
343.0,2.752176284790039
344.0,2.7867393493652344
345.0,2.8047847747802734
346.0,2.8012752532958984
347.0,2.794978380203247
348.0,2.8009650707244873
349.0,2.8160884380340576
350.0,2.830131769180298
351.0,2.837204694747925
352.0,2.8425490856170654
353.0,2.844392776489258
354.0,2.8255555629730225
355.0,2.785964250564575
356.0,2.7660768032073975
357.0,2.7693698406219482
358.0,2.777387857437134
359.0,2.785710334777832
360.0,2.8010995388031006
361.0,2.816433906555176
362.0,2.8214309215545654
363.0,2.8195953369140625
364.0,2.8169963359832764
365.0,2.8208112716674805
366.0,2.8316240310668945
367.0,2.8393008708953857
368.0,2.8476855754852295
369.0,2.857913017272949
370.0,2.856433868408203
371.0,2.82669997215271
372.0,2.7936222553253174
373.0,2.7895240783691406
374.0,2.8048341274261475
375.0,2.8155953884124756
376.0,2.807420015335083
377.0,2.7953062057495117
378.0,2.7904698848724365
379.0,2.810481309890747
380.0,2.8442981243133545
381.0,2.856748580932617
382.0,2.843437910079956
383.0,2.827866792678833
384.0,2.830672264099121
385.0,2.853747606277466
386.0,2.873720169067383
387.0,2.8689393997192383
388.0,2.8471622467041016
389.0,2.8304316997528076
390.0,2.8308944702148438
391.0,2.8386332988739014
392.0,2.8452930450439453
393.0,2.854027032852173
394.0,2.8632495403289795
395.0,2.867598533630371
396.0,2.8768911361694336
397.0,2.8871753215789795
398.0,2.8919029235839844
399.0,2.8925602436065674
400.0,2.89264178276062
401.0,2.9023492336273193
402.0,2.919339895248413
403.0,2.9234702587127686
404.0,2.915339231491089
405.0,2.906602621078491
406.0,2.903582811355591
407.0,2.904390335083008
408.0,2.90551495552063
409.0,2.9069111347198486
410.0,2.9118998050689697
411.0,2.913409471511841
412.0,2.9036877155303955
413.0,2.887120485305786
414.0,2.8747308254241943
415.0,2.860868453979492
416.0,2.848339080810547
417.0,2.8497931957244873
418.0,2.8736610412597656
419.0,2.8948090076446533
420.0,2.893096923828125
421.0,2.8836047649383545
422.0,2.8777239322662354
423.0,2.8779258728027344
424.0,2.879000425338745
425.0,2.8813095092773438
426.0,2.897179365158081
427.0,2.916348457336426
428.0,2.9225261211395264
429.0,2.9217052459716797
430.0,2.919321060180664
431.0,2.9189751148223877
432.0,2.9204158782958984
433.0,2.9205780029296875
434.0,2.914088010787964
435.0,2.903578758239746
436.0,2.8971221446990967
437.0,2.901804208755493
438.0,2.909931182861328
439.0,2.9148385524749756
440.0,2.9245126247406006
441.0,2.935542106628418
442.0,2.9454078674316406
443.0,2.9523019790649414
444.0,2.949705123901367
445.0,2.929459810256958
446.0,2.9061458110809326
447.0,2.902894973754883
448.0,2.927785634994507
449.0,2.9566681385040283
450.0,2.9715678691864014
451.0,2.982100248336792
452.0,2.9827945232391357
453.0,2.9601900577545166
454.0,2.9272451400756836
455.0,2.9176723957061768
456.0,2.9407339096069336
457.0,2.971691131591797
458.0,2.9891364574432373
459.0,3.0026848316192627
460.0,3.011490821838379
461.0,3.009211301803589
462.0,2.9979875087738037
463.0,2.9927713871002197
464.0,2.997588872909546
465.0,3.0035154819488525
466.0,3.0032167434692383
467.0,2.9968059062957764
468.0,2.988091230392456
469.0,2.977933168411255
470.0,2.9642601013183594
471.0,2.9544029235839844
472.0,2.9579570293426514
473.0,2.969329833984375
474.0,2.973115921020508
475.0,2.961273193359375
476.0,2.947847366333008
477.0,2.94873046875
478.0,2.9608802795410156
479.0,2.969804048538208
480.0,2.9811017513275146
481.0,3.005295991897583
482.0,3.0152454376220703
483.0,3.000406265258789
484.0,2.9804458618164062
485.0,2.975224256515503
486.0,2.979602813720703
487.0,2.9840219020843506
488.0,2.98691463470459
489.0,2.9941728115081787
490.0,2.9969654083251953
491.0,2.9805850982666016
492.0,2.95721173286438
493.0,2.9547040462493896
494.0,2.989152193069458
495.0,3.0275135040283203
496.0,3.0391159057617188
497.0,3.0376434326171875
498.0,3.034745454788208
499.0,3.0345146656036377
500.0,3.0316574573516846
501.0,3.02234148979187
502.0,3.000624895095825
503.0,2.9815781116485596
504.0,2.9889228343963623
505.0,3.028179883956909
506.0,3.05549693107605
507.0,3.041940450668335
508.0,3.0138025283813477
509.0,3.001479387283325
510.0,3.000962495803833
511.0,3.0052616596221924
512.0,3.023155927658081
513.0,3.068601608276367
514.0,3.1006553173065186
515.0,3.08459734916687
516.0,3.0454318523406982
517.0,3.0239198207855225
518.0,3.020850419998169
519.0,3.0232009887695312
520.0,3.030952215194702
521.0,3.046072006225586
522.0,3.058248519897461
523.0,3.061715841293335
524.0,3.06363844871521
525.0,3.0644266605377197
526.0,3.077892303466797
527.0,3.0959250926971436
528.0,3.096231460571289
529.0,3.075824737548828
530.0,3.0585286617279053
531.0,3.067580461502075
532.0,3.095475435256958
533.0,3.115532636642456
534.0,3.1171867847442627
535.0,3.1123504638671875
536.0,3.107389450073242
537.0,3.0827128887176514
538.0,3.0615460872650146
539.0,3.0688982009887695
540.0,3.089822769165039
541.0,3.1003386974334717
542.0,3.105623960494995
543.0,3.114804267883301
544.0,3.1240081787109375
545.0,3.1473121643066406
546.0,3.1670849323272705
547.0,3.162719488143921
548.0,3.144428014755249
549.0,3.135976791381836
550.0,3.14846134185791
551.0,3.1665449142456055
552.0,3.1736621856689453
553.0,3.1713454723358154
554.0,3.16786789894104
555.0,3.1647579669952393
556.0,3.1557350158691406
557.0,3.1470019817352295
558.0,3.1253535747528076
559.0,3.09971022605896
560.0,3.096493721008301
561.0,3.1124401092529297
562.0,3.130302667617798
563.0,3.1484758853912354
564.0,3.177020311355591
565.0,3.1909122467041016
566.0,3.177266836166382
567.0,3.155806303024292
568.0,3.145979881286621
569.0,3.133150815963745
570.0,3.1218671798706055
571.0,3.115351915359497
572.0,3.1081016063690186
573.0,3.10553240776062
574.0,3.109694480895996
575.0,3.1135756969451904
576.0,3.106508493423462
577.0,3.0813448429107666
578.0,3.062314748764038
579.0,3.067085027694702
580.0,3.0826845169067383
581.0,3.0953400135040283
582.0,3.1152122020721436
583.0,3.1349947452545166
584.0,3.1367132663726807
585.0,3.123676300048828
586.0,3.1161670684814453
587.0,3.134309768676758
588.0,3.165098190307617
589.0,3.1776206493377686
590.0,3.1701765060424805
591.0,3.160473585128784
592.0,3.1609809398651123
593.0,3.166346311569214
594.0,3.169661521911621
595.0,3.169877290725708
596.0,3.1694209575653076
597.0,3.166691541671753
598.0,3.157194137573242
599.0,3.14962100982666
600.0,3.159830093383789
601.0,3.1878178119659424
602.0,3.2013981342315674
603.0,3.1850316524505615
604.0,3.1623992919921875
605.0,3.159743309020996
606.0,3.1742751598358154
607.0,3.1879005432128906
608.0,3.188122510910034
609.0,3.182417869567871
610.0,3.1817760467529297
611.0,3.1939032077789307
612.0,3.2050750255584717
613.0,3.1960508823394775
614.0,3.16717791557312
615.0,3.149188756942749
616.0,3.169390916824341
617.0,3.2090680599212646
618.0,3.233811378479004
619.0,3.262052536010742
620.0,3.285083770751953
621.0,3.276865243911743
622.0,3.2415151596069336
623.0,3.222663640975952
624.0,3.2259838581085205
625.0,3.2316064834594727
626.0,3.2374181747436523
627.0,3.2531487941741943
628.0,3.265022039413452
629.0,3.261654853820801
630.0,3.2522385120391846
631.0,3.244614839553833
632.0,3.230759859085083
633.0,3.2169525623321533
634.0,3.2189509868621826
635.0,3.2390758991241455
636.0,3.258415937423706
637.0,3.287123680114746
638.0,3.3241424560546875
639.0,3.3310463428497314
640.0,3.306438446044922
641.0,3.280346632003784
642.0,3.273413896560669
643.0,3.273144483566284
644.0,3.270425796508789
645.0,3.2658531665802
646.0,3.2613279819488525
647.0,3.256617546081543
648.0,3.2567169666290283
649.0,3.2580149173736572
650.0,3.2498061656951904
651.0,3.235271453857422
652.0,3.2364606857299805
653.0,3.2752015590667725
654.0,3.3116400241851807
655.0,3.3120505809783936
656.0,3.3049869537353516
657.0,3.2994155883789062
658.0,3.2956161499023438
659.0,3.291142702102661
660.0,3.284667730331421
661.0,3.2731692790985107
662.0,3.267784833908081
663.0,3.2828571796417236
664.0,3.312803030014038
665.0,3.338414430618286
666.0,3.3635759353637695
667.0,3.3803138732910156
668.0,3.3642375469207764
669.0,3.3132896423339844
670.0,3.28845477104187
671.0,3.3063580989837646
672.0,3.334803342819214
673.0,3.3530375957489014
674.0,3.3662502765655518
675.0,3.368987798690796
676.0,3.349041700363159
677.0,3.3143539428710938
678.0,3.288386344909668
679.0,3.2623939514160156
680.0,3.244891405105591
681.0,3.2684593200683594
682.0,3.335792303085327
683.0,3.365875244140625
684.0,3.3428189754486084
685.0,3.3107125759124756
686.0,3.301220178604126
687.0,3.312878370285034
688.0,3.322350263595581
689.0,3.3228759765625
690.0,3.324647903442383
691.0,3.332082748413086
692.0,3.368840217590332
693.0,3.399230718612671
694.0,3.383910894393921
695.0,3.3456509113311768
696.0,3.3324601650238037
697.0,3.349599838256836
698.0,3.3714277744293213
699.0,3.3839633464813232
700.0,3.3966224193573
701.0,3.403017997741699
702.0,3.404801368713379
703.0,3.4072210788726807
704.0,3.4093799591064453
705.0,3.4076902866363525
706.0,3.4080114364624023
707.0,3.40954327583313
708.0,3.408609628677368
709.0,3.4135072231292725
710.0,3.4340603351593018
711.0,3.4515554904937744
712.0,3.4449079036712646
713.0,3.423604726791382
714.0,3.4128522872924805
715.0,3.4266397953033447
716.0,3.444902181625366
717.0,3.4516429901123047
718.0,3.463823080062866
719.0,3.4712934494018555
720.0,3.4676201343536377
721.0,3.4613945484161377
722.0,3.463242769241333
723.0,3.476411819458008
724.0,3.4836580753326416
725.0,3.471299886703491
726.0,3.4511444568634033
727.0,3.4409196376800537
728.0,3.4378204345703125
729.0,3.437135696411133
730.0,3.4427757263183594
731.0,3.4558932781219482
732.0,3.4585182666778564
733.0,3.4414494037628174
734.0,3.424030303955078
735.0,3.423699140548706
736.0,3.428791046142578
737.0,3.4314286708831787
738.0,3.4342167377471924
739.0,3.4378108978271484
740.0,3.4350101947784424
741.0,3.4211206436157227
742.0,3.4154574871063232
743.0,3.4687178134918213
744.0,3.549785614013672
745.0,3.5637924671173096
746.0,3.509892702102661
747.0,3.46332049369812
748.0,3.4586353302001953
749.0,3.4588260650634766
750.0,3.455545425415039
751.0,3.4588654041290283
752.0,3.463078260421753
753.0,3.465522050857544
754.0,3.473691940307617
755.0,3.4769957065582275
756.0,3.479583740234375
757.0,3.4867594242095947
758.0,3.5030019283294678
759.0,3.527557373046875
760.0,3.5394906997680664
761.0,3.524153470993042
762.0,3.5037498474121094
763.0,3.5045697689056396
764.0,3.5186767578125
765.0,3.5305278301239014
766.0,3.5327799320220947
767.0,3.5340373516082764
768.0,3.547959566116333
769.0,3.5839145183563232
770.0,3.605590581893921
771.0,3.577134370803833
772.0,3.528743028640747
773.0,3.514101266860962
774.0,3.524423837661743
775.0,3.5340769290924072
776.0,3.5330333709716797
777.0,3.5318615436553955
778.0,3.5359039306640625
779.0,3.5511257648468018
780.0,3.563915967941284
781.0,3.557718276977539
782.0,3.542076826095581
783.0,3.5452640056610107
784.0,3.5804824829101562
785.0,3.6096932888031006
786.0,3.6040332317352295
787.0,3.587575912475586
788.0,3.575535774230957
789.0,3.5825774669647217
790.0,3.592041015625
791.0,3.590343475341797
792.0,3.5916836261749268
793.0,3.589838743209839
794.0,3.593160390853882
795.0,3.5978527069091797
796.0,3.5973756313323975
797.0,3.6022074222564697
798.0,3.603965997695923
799.0,3.596414804458618
800.0,3.587984800338745
801.0,3.5855205059051514
802.0,3.5817556381225586
803.0,3.585901975631714
804.0,3.612823724746704
805.0,3.646843671798706
806.0,3.6617963314056396
807.0,3.6612484455108643
808.0,3.6585404872894287
809.0,3.6447572708129883
810.0,3.625408887863159
811.0,3.6233208179473877
812.0,3.6286087036132812
813.0,3.6318633556365967
814.0,3.643854856491089
815.0,3.6609604358673096
816.0,3.6545047760009766
817.0,3.6142194271087646
818.0,3.5885515213012695
819.0,3.628361463546753
820.0,3.6925230026245117
821.0,3.704442024230957
822.0,3.6777141094207764
823.0,3.6592178344726562
824.0,3.674055814743042
825.0,3.698277235031128
826.0,3.7041683197021484
827.0,3.6895997524261475
828.0,3.6751692295074463
829.0,3.668412923812866
830.0,3.66265606880188
831.0,3.6602840423583984
832.0,3.659548044204712
833.0,3.6611201763153076
834.0,3.6699821949005127
835.0,3.6818854808807373
836.0,3.684736490249634
837.0,3.6849327087402344
838.0,3.679529905319214
839.0,3.6687686443328857
840.0,3.661094903945923
841.0,3.664327621459961
842.0,3.69408917427063
843.0,3.7156074047088623
844.0,3.7142364978790283
845.0,3.711024045944214
846.0,3.7094497680664062
847.0,3.7155494689941406
848.0,3.7232770919799805
849.0,3.754875421524048
850.0,3.8034934997558594
851.0,3.8095457553863525
852.0,3.7813549041748047
853.0,3.760972261428833
854.0,3.7603790760040283
855.0,3.7576119899749756
856.0,3.7442409992218018
857.0,3.7103376388549805
858.0,3.6857757568359375
859.0,3.6889429092407227
860.0,3.7025654315948486
861.0,3.711921453475952
862.0,3.718703269958496
863.0,3.720851182937622
864.0,3.71221923828125
865.0,3.7002031803131104
866.0,3.703630208969116
867.0,3.7332475185394287
868.0,3.758730173110962
869.0,3.771949052810669
870.0,3.7812602519989014
871.0,3.779165267944336
872.0,3.7644360065460205
873.0,3.757291793823242
874.0,3.801774740219116
875.0,3.8607380390167236
876.0,3.859487771987915
877.0,3.819756269454956
878.0,3.794252395629883
879.0,3.7891452312469482
880.0,3.7865641117095947
881.0,3.7878849506378174
882.0,3.7975094318389893
883.0,3.802088499069214
884.0,3.7917935848236084
885.0,3.781928300857544
886.0,3.7901828289031982
887.0,3.8089873790740967
888.0,3.8236560821533203
889.0,3.8439080715179443
890.0,3.862963914871216
891.0,3.8584606647491455
892.0,3.8332207202911377
893.0,3.8241498470306396
894.0,3.8385770320892334
895.0,3.852492570877075
896.0,3.849473237991333
897.0,3.8388731479644775
898.0,3.828866958618164
899.0,3.8176400661468506
900.0,3.810033082962036
901.0,3.8117778301239014
902.0,3.818621873855591
903.0,3.8276145458221436
904.0,3.856775999069214
905.0,3.8825576305389404
906.0,3.8946373462677
907.0,3.90527606010437
908.0,3.901174306869507
909.0,3.868215322494507
910.0,3.842294454574585
911.0,3.842900514602661
912.0,3.8538949489593506
913.0,3.872457265853882
914.0,3.9123165607452393
915.0,3.9326601028442383
916.0,3.8936822414398193
917.0,3.8430802822113037
918.0,3.8393471240997314
919.0,3.8489997386932373
920.0,3.857424736022949
921.0,3.861797332763672
922.0,3.867297410964966
923.0,3.883922576904297
924.0,3.9130477905273438
925.0,3.9252326488494873
926.0,3.91399884223938
927.0,3.9038665294647217
928.0,3.9241065979003906
929.0,3.9641666412353516
930.0,3.9724724292755127
931.0,3.9404752254486084
932.0,3.9085686206817627
933.0,3.9049530029296875
934.0,3.9125587940216064
935.0,3.9113423824310303
936.0,3.9043588638305664
937.0,3.9002883434295654
938.0,3.901789903640747
939.0,3.9042444229125977
940.0,3.909132719039917
941.0,3.9273087978363037
942.0,3.9343035221099854
943.0,3.9225051403045654
944.0,3.908999443054199
945.0,3.90790057182312
946.0,3.916356325149536
947.0,3.9195306301116943
948.0,3.9102821350097656
949.0,3.902177095413208
950.0,3.915715456008911
951.0,3.945096015930176
952.0,3.9548676013946533
953.0,3.953141927719116
954.0,3.947709083557129
955.0,3.9263813495635986
956.0,3.896679639816284
957.0,3.8936338424682617
958.0,3.910247802734375
959.0,3.9300262928009033
960.0,3.9544811248779297
961.0,3.9755923748016357
962.0,3.968623161315918
963.0,3.9357337951660156
964.0,3.920366048812866
965.0,3.9284088611602783
966.0,3.9418258666992188
967.0,3.955950975418091
968.0,3.9710006713867188
969.0,3.9708290100097656
970.0,3.9581568241119385
971.0,3.946777582168579
972.0,3.9444234371185303
973.0,3.945730209350586
974.0,3.9440739154815674
975.0,3.935152292251587
976.0,3.9299182891845703
977.0,3.9262025356292725
978.0,3.922642707824707
979.0,3.929173469543457
980.0,3.9449520111083984
981.0,3.954547643661499
982.0,3.9485435485839844
983.0,3.9402732849121094
984.0,3.940829038619995
985.0,3.944262742996216
986.0,3.9518439769744873
987.0,3.977189302444458
988.0,3.9946107864379883
989.0,3.979172706604004
990.0,3.953950881958008
991.0,3.951831817626953
992.0,3.964296340942383
993.0,3.9751501083374023
994.0,3.986060380935669
995.0,3.99658203125
996.0,4.001776218414307
997.0,4.008691310882568
998.0,4.017887592315674
999.0,4.035558700561523
1000.0,4.044498443603516
1001.0,4.0281219482421875
1002.0,4.003601551055908
1003.0,3.994795083999634
1004.0,3.9966437816619873
1005.0,3.9987308979034424
1006.0,3.985630750656128
1007.0,3.967139482498169
1008.0,3.9554684162139893
1009.0,3.9350697994232178
1010.0,3.9316823482513428
1011.0,3.9792137145996094
1012.0,4.022550106048584
1013.0,4.013265609741211
1014.0,3.9882752895355225
1015.0,3.9759013652801514
1016.0,3.966503858566284
1017.0,3.962132215499878
1018.0,3.980799913406372
1019.0,4.004236221313477
1020.0,3.9970004558563232
1021.0,3.9734232425689697
1022.0,3.966089963912964
1023.0,3.9944961071014404
1024.0,4.023212432861328
1025.0,4.021060466766357
1026.0,4.009740352630615
1027.0,4.0185980796813965
1028.0,4.058060646057129
1029.0,4.080530166625977
1030.0,4.06617546081543
1031.0,4.0465569496154785
1032.0,4.04506778717041
1033.0,4.051939010620117
1034.0,4.0505547523498535
1035.0,4.030727863311768
1036.0,4.014974594116211
1037.0,4.013345241546631
1038.0,4.010757923126221
1039.0,4.005337238311768
1040.0,3.9809505939483643
1041.0,3.9721882343292236
1042.0,3.9967005252838135
1043.0,4.0246663093566895
1044.0,4.029998779296875
1045.0,4.024614334106445
1046.0,4.025058269500732
1047.0,4.035510540008545
1048.0,4.03989839553833
1049.0,4.028602123260498
1050.0,4.015756130218506
1051.0,4.018611431121826
1052.0,4.038134574890137
1053.0,4.045185089111328
1054.0,3.987553596496582
1055.0,3.9291505813598633
1056.0,3.9407150745391846
1057.0,3.9751930236816406
1058.0,3.9953269958496094
1059.0,4.0063796043396
1060.0,4.0055413246154785
1061.0,3.9922637939453125
1062.0,3.9777190685272217
1063.0,3.965730667114258
1064.0,3.9500434398651123
1065.0,3.9448840618133545
1066.0,3.9411990642547607
1067.0,3.94284725189209
1068.0,3.9551448822021484
1069.0,3.9663896560668945
1070.0,3.9720871448516846
1071.0,3.9896297454833984
1072.0,3.9974420070648193
1073.0,3.982708692550659
1074.0,3.9677629470825195
1075.0,3.9756276607513428
1076.0,3.996037483215332
1077.0,4.010524749755859
1078.0,4.038082122802734
1079.0,4.053098201751709
1080.0,4.040271759033203
1081.0,4.024424076080322
1082.0,4.023904323577881
1083.0,4.0265936851501465
1084.0,4.029453754425049
1085.0,4.031005859375
1086.0,4.028384685516357
1087.0,4.031951904296875
1088.0,4.042141914367676
1089.0,4.054895401000977
1090.0,4.092335224151611
1091.0,4.094624042510986
1092.0,4.037124156951904
1093.0,3.991243362426758
1094.0,3.9989216327667236
1095.0,4.0196003913879395
1096.0,4.036684513092041
1097.0,4.054338455200195
1098.0,4.0684380531311035
1099.0,4.085342884063721
1100.0,4.097371578216553
1101.0,4.094956874847412
1102.0,4.089199542999268
1103.0,4.089357852935791
1104.0,4.098733425140381
1105.0,4.110203742980957
1106.0,4.1227946281433105
1107.0,4.13295316696167
1108.0,4.137805938720703
1109.0,4.144385814666748
1110.0,4.150913238525391
1111.0,4.155445098876953
1112.0,4.156893730163574
1113.0,4.141110897064209
1114.0,4.118879795074463
1115.0,4.113844871520996
1116.0,4.118135452270508
1117.0,4.119434356689453
1118.0,4.117228031158447
1119.0,4.120153427124023
1120.0,4.148574352264404
1121.0,4.18079948425293
1122.0,4.18100118637085
1123.0,4.172372817993164
1124.0,4.165729522705078
1125.0,4.157337665557861
1126.0,4.14797830581665
1127.0,4.142388343811035
1128.0,4.1388630867004395
1129.0,4.129504680633545
1130.0,4.1112470626831055
1131.0,4.09905481338501
1132.0,4.107705593109131
1133.0,4.116889953613281
1134.0,4.111228942871094
1135.0,4.103078365325928
1136.0,4.106845855712891
1137.0,4.125121593475342
1138.0,4.145814895629883
1139.0,4.180444240570068
1140.0,4.202765941619873
1141.0,4.181549549102783
1142.0,4.148985385894775
1143.0,4.146304607391357
1144.0,4.149918079376221
1145.0,4.154432773590088
1146.0,4.160129070281982
1147.0,4.162076473236084
1148.0,4.150111675262451
1149.0,4.134781360626221
1150.0,4.136271953582764
1151.0,4.147555351257324
1152.0,4.158957004547119
1153.0,4.173170566558838
1154.0,4.180835247039795
1155.0,4.164959907531738
1156.0,4.143415451049805
1157.0,4.150784969329834
1158.0,4.177562236785889
1159.0,4.186245441436768
1160.0,4.191394805908203
1161.0,4.196470737457275
1162.0,4.198798656463623
1163.0,4.19981575012207
1164.0,4.1940155029296875
1165.0,4.177084445953369
1166.0,4.166301727294922
1167.0,4.1541266441345215
1168.0,4.1482391357421875
1169.0,4.16520357131958
1170.0,4.1848464012146
1171.0,4.178506374359131
1172.0,4.162511348724365
1173.0,4.1670145988464355
1174.0,4.19572114944458
1175.0,4.212274551391602
1176.0,4.203540325164795
1177.0,4.19096040725708
1178.0,4.193939685821533
1179.0,4.2061848640441895
1180.0,4.2123332023620605
1181.0,4.228831768035889
1182.0,4.231741428375244
1183.0,4.198800086975098
1184.0,4.170666217803955
1185.0,4.173300266265869
1186.0,4.18021821975708
1187.0,4.1864705085754395
1188.0,4.198673248291016
1189.0,4.213616371154785
1190.0,4.2427659034729
1191.0,4.263168811798096
1192.0,4.245175838470459
1193.0,4.21727991104126
1194.0,4.222660064697266
1195.0,4.245882987976074
1196.0,4.269307613372803
1197.0,4.318639278411865
1198.0,4.346218109130859
1199.0,4.32636022567749
1200.0,4.298058986663818
1201.0,4.283848285675049
1202.0,4.272891998291016
1203.0,4.277951717376709
1204.0,4.313699722290039
1205.0,4.3363518714904785
1206.0,4.33589506149292
1207.0,4.335050106048584
1208.0,4.346919536590576
1209.0,4.361361980438232
1210.0,4.357212543487549
1211.0,4.333649158477783
1212.0,4.3277268409729
1213.0,4.365090847015381
1214.0,4.39200496673584
1215.0,4.370747089385986
1216.0,4.341593265533447
1217.0,4.337921142578125
1218.0,4.343868255615234
1219.0,4.35927677154541
1220.0,4.382772445678711
1221.0,4.394636631011963
1222.0,4.381960391998291
1223.0,4.3663554191589355
1224.0,4.3614726066589355
1225.0,4.3560614585876465
1226.0,4.361150741577148
1227.0,4.386080741882324
1228.0,4.396012783050537
1229.0,4.386245250701904
1230.0,4.377596855163574
1231.0,4.387571334838867
1232.0,4.402259349822998
1233.0,4.392773151397705
1234.0,4.366142272949219
1235.0,4.363277912139893
1236.0,4.390466213226318
1237.0,4.40516996383667
1238.0,4.391438007354736
1239.0,4.378438472747803
1240.0,4.389098167419434
1241.0,4.411092758178711
1242.0,4.435337543487549
1243.0,4.479744911193848
1244.0,4.492146968841553
1245.0,4.463018894195557
1246.0,4.4364752769470215
1247.0,4.424050331115723
1248.0,4.415809631347656
1249.0,4.493906497955322
1250.0,4.678455352783203
1251.0,4.684464931488037
1252.0,4.508751392364502
1253.0,4.417639255523682
1254.0,4.41478967666626
1255.0,4.418232440948486
1256.0,4.4318695068359375
1257.0,4.455238342285156
1258.0,4.462926387786865
1259.0,4.466067790985107
1260.0,4.479097843170166
1261.0,4.51404333114624
1262.0,4.53014612197876
1263.0,4.486952781677246
1264.0,4.444605827331543
1265.0,4.473221778869629
1266.0,4.530910015106201
1267.0,4.550511360168457
1268.0,4.548339366912842
1269.0,4.542947292327881
1270.0,4.512548923492432
1271.0,4.491511344909668
1272.0,4.4976348876953125
1273.0,4.50309944152832
1274.0,4.47287654876709
1275.0,4.419414043426514
1276.0,4.405717372894287
1277.0,4.414031505584717
1278.0,4.416606426239014
1279.0,4.402337551116943
1280.0,4.395299434661865
1281.0,4.422603130340576
1282.0,4.452032089233398
1283.0,4.448801040649414
1284.0,4.439512252807617
1285.0,4.4429497718811035
1286.0,4.4663310050964355
1287.0,4.484025955200195
1288.0,4.492140293121338
1289.0,4.489589691162109
1290.0,4.464236259460449
1291.0,4.440760135650635
1292.0,4.468522548675537
1293.0,4.525050640106201
1294.0,4.52483606338501
1295.0,4.479824066162109
1296.0,4.451071262359619
1297.0,4.43287467956543
1298.0,4.427120685577393
1299.0,4.453345775604248
1300.0,4.485855579376221
1301.0,4.507471084594727
1302.0,4.531703948974609
1303.0,4.5123748779296875
1304.0,4.448933124542236
1305.0,4.427293300628662
1306.0,4.461038589477539
1307.0,4.48358154296875
1308.0,4.459775924682617
1309.0,4.4348368644714355
1310.0,4.452543258666992
1311.0,4.485598087310791
1312.0,4.486932277679443
1313.0,4.466457366943359
1314.0,4.464523792266846
1315.0,4.486733913421631
1316.0,4.499230861663818
1317.0,4.480398654937744
1318.0,4.462010383605957
1319.0,4.483797550201416
1320.0,4.521599292755127
1321.0,4.530500888824463
1322.0,4.5319952964782715
1323.0,4.5304341316223145
1324.0,4.520721912384033
1325.0,4.520155429840088
1326.0,4.550843715667725
1327.0,4.5752339363098145
1328.0,4.536924839019775
1329.0,4.478363037109375
1330.0,4.468872547149658
1331.0,4.47540807723999
1332.0,4.492893218994141
1333.0,4.531205654144287
1334.0,4.544091701507568
1335.0,4.502426624298096
1336.0,4.474262714385986
1337.0,4.520784854888916
1338.0,4.573205471038818
1339.0,4.54368782043457
1340.0,4.482457637786865
1341.0,4.484005451202393
1342.0,4.5205183029174805
1343.0,4.532212734222412
1344.0,4.522590637207031
1345.0,4.511173725128174
1346.0,4.475809097290039
1347.0,4.44854736328125
1348.0,4.4681806564331055
1349.0,4.4961419105529785
1350.0,4.498677730560303
1351.0,4.491828918457031
1352.0,4.481570243835449
1353.0,4.465259075164795
1354.0,4.459901332855225
1355.0,4.462949275970459
1356.0,4.464542388916016
1357.0,4.458442687988281
1358.0,4.451103687286377
1359.0,4.455622673034668
1360.0,4.4653215408325195
1361.0,4.463831424713135
1362.0,4.463204860687256
1363.0,4.460834980010986
1364.0,4.465885162353516
1365.0,4.466897487640381
1366.0,4.461843490600586
1367.0,4.4574294090271
1368.0,4.441324234008789
1369.0,4.422221660614014
1370.0,4.415615558624268
1371.0,4.404887676239014
1372.0,4.395318984985352
1373.0,4.380359649658203
1374.0,4.378564357757568
1375.0,4.402956485748291
1376.0,4.414859294891357
1377.0,4.399196624755859
1378.0,4.388184070587158
1379.0,4.395948886871338
1380.0,4.403672695159912
1381.0,4.4039764404296875
1382.0,4.4056077003479
1383.0,4.413188934326172
1384.0,4.4260945320129395
1385.0,4.429856300354004
1386.0,4.4173150062561035
1387.0,4.414312362670898
1388.0,4.42875862121582
1389.0,4.439298152923584
1390.0,4.457273006439209
1391.0,4.478250026702881
1392.0,4.462233066558838
1393.0,4.431982517242432
1394.0,4.431137561798096
1395.0,4.442227840423584
1396.0,4.4392266273498535
1397.0,4.412994861602783
1398.0,4.408127307891846
1399.0,4.469491004943848
1400.0,4.513923168182373
1401.0,4.456686019897461
1402.0,4.388940334320068
1403.0,4.40186882019043
1404.0,4.432900905609131
1405.0,4.441074848175049
1406.0,4.437498092651367
1407.0,4.438047885894775
1408.0,4.4311909675598145
1409.0,4.434663772583008
1410.0,4.446007251739502
1411.0,4.454390048980713
1412.0,4.455031394958496
1413.0,4.450026988983154
1414.0,4.4322991371154785
1415.0,4.409317493438721
1416.0,4.41545295715332
1417.0,4.4416728019714355
1418.0,4.448431491851807
1419.0,4.441809177398682
1420.0,4.433055877685547
1421.0,4.423623561859131
1422.0,4.4182586669921875
1423.0,4.420308589935303
1424.0,4.422934532165527
1425.0,4.447239398956299
1426.0,4.479966640472412
1427.0,4.48502779006958
1428.0,4.486423969268799
1429.0,4.496397495269775
1430.0,4.519419193267822
1431.0,4.531902313232422
1432.0,4.5291666984558105
1433.0,4.518635272979736
1434.0,4.488115310668945
1435.0,4.4619574546813965
1436.0,4.436657428741455
1437.0,4.425785064697266
1438.0,4.464209079742432
1439.0,4.514882564544678
1440.0,4.530066013336182
1441.0,4.535256862640381
1442.0,4.536227226257324
1443.0,4.521007061004639
1444.0,4.513960361480713
1445.0,4.49597692489624
1446.0,4.48077392578125
1447.0,4.47446870803833
1448.0,4.482813358306885
1449.0,4.520606517791748
1450.0,4.550482273101807
1451.0,4.5134100914001465
1452.0,4.460355281829834
1453.0,4.466882228851318
1454.0,4.485278606414795
1455.0,4.500583171844482
1456.0,4.538613796234131
1457.0,4.531137943267822
1458.0,4.482541561126709
1459.0,4.458855152130127
1460.0,4.453189373016357
1461.0,4.447424411773682
1462.0,4.425706386566162
1463.0,4.407155513763428
1464.0,4.422725200653076
1465.0,4.4450249671936035
1466.0,4.4443230628967285
1467.0,4.441831588745117
1468.0,4.446406841278076
1469.0,4.4571051597595215
1470.0,4.438701152801514
1471.0,4.376028537750244
1472.0,4.357914447784424
1473.0,4.366659641265869
1474.0,4.376230239868164
1475.0,4.369857311248779
1476.0,4.365767955780029
1477.0,4.3837199211120605
1478.0,4.399495601654053
1479.0,4.384998321533203
1480.0,4.363955974578857
1481.0,4.376211643218994
1482.0,4.405645370483398
1483.0,4.414079189300537
1484.0,4.41606330871582
1485.0,4.405912399291992
1486.0,4.3795166015625
1487.0,4.3767852783203125
1488.0,4.41342306137085
1489.0,4.431283473968506
1490.0,4.406385898590088
1491.0,4.383626461029053
1492.0,4.368425369262695
1493.0,4.356509685516357
1494.0,4.383100986480713
1495.0,4.422351360321045
1496.0,4.393845558166504
1497.0,4.32997465133667
1498.0,4.3414306640625
1499.0,4.400062084197998
1500.0,4.3990797996521
1501.0,4.335521697998047
1502.0,4.318190097808838
1503.0,4.3499908447265625
1504.0,4.374359130859375
1505.0,4.3854217529296875
1506.0,4.389314651489258
1507.0,4.374320983886719
1508.0,4.357384204864502
1509.0,4.333719730377197
1510.0,4.306426525115967
1511.0,4.317272663116455
1512.0,4.340103626251221
1513.0,4.3423542976379395
1514.0,4.343871593475342
1515.0,4.3518385887146
1516.0,4.372525691986084
1517.0,4.379298686981201
1518.0,4.365870952606201
1519.0,4.3658318519592285
1520.0,4.380258560180664
1521.0,4.391664028167725
1522.0,4.388883590698242
1523.0,4.384402751922607
1524.0,4.371598720550537
1525.0,4.3552565574646
1526.0,4.337418079376221
1527.0,4.320642948150635
1528.0,4.337754249572754
1529.0,4.365367412567139
1530.0,4.346007823944092
1531.0,4.287458896636963
1532.0,4.275731563568115
1533.0,4.289565563201904
1534.0,4.298478603363037
1535.0,4.3155927658081055
1536.0,4.321532726287842
1537.0,4.31971549987793
1538.0,4.30941915512085
1539.0,4.293485164642334
1540.0,4.286096572875977
1541.0,4.3039727210998535
1542.0,4.320285320281982
1543.0,4.2992095947265625
1544.0,4.272947788238525
1545.0,4.27864408493042
1546.0,4.290339946746826
1547.0,4.290701389312744
1548.0,4.286952495574951
1549.0,4.261743068695068
1550.0,4.215281963348389
1551.0,4.202854156494141
1552.0,4.207202434539795
1553.0,4.203527927398682
1554.0,4.190460205078125
1555.0,4.188309192657471
1556.0,4.2121477127075195
1557.0,4.227558612823486
1558.0,4.204254627227783
1559.0,4.186973571777344
1560.0,4.185847759246826
1561.0,4.191293239593506
1562.0,4.196926116943359
1563.0,4.1981329917907715
1564.0,4.213867664337158
1565.0,4.233780384063721
1566.0,4.260974407196045
1567.0,4.310222625732422
1568.0,4.2943434715271
1569.0,4.242547988891602
1570.0,4.227591037750244
1571.0,4.205569267272949
1572.0,4.20098352432251
1573.0,4.204883098602295
1574.0,4.21837043762207
1575.0,4.267941474914551
1576.0,4.278985500335693
1577.0,4.1895294189453125
1578.0,4.144215106964111
1579.0,4.171452045440674
1580.0,4.193510055541992
1581.0,4.180440425872803
1582.0,4.162713527679443
1583.0,4.1462178230285645
1584.0,4.13245153427124
1585.0,4.13923978805542
1586.0,4.148003101348877
1587.0,4.1503071784973145
1588.0,4.154224395751953
1589.0,4.144636631011963
1590.0,4.125722408294678
1591.0,4.1091790199279785
1592.0,4.088562488555908
1593.0,4.09895133972168
1594.0,4.143092632293701
1595.0,4.14796257019043
1596.0,4.116054534912109
1597.0,4.105082988739014
1598.0,4.118458271026611
1599.0,4.12406587600708
1600.0,4.1191229820251465
1601.0,4.102468013763428
1602.0,4.037729740142822
1603.0,4.001949310302734
1604.0,4.023373126983643
1605.0,4.035064220428467
1606.0,3.995511054992676
1607.0,3.9607791900634766
1608.0,3.975261926651001
1609.0,3.9967854022979736
1610.0,4.01139497756958
1611.0,4.0283942222595215
1612.0,4.026853084564209
1613.0,4.0159430503845215
1614.0,4.009068012237549
1615.0,3.995800018310547
1616.0,3.9880940914154053
1617.0,3.971163749694824
1618.0,3.966520071029663
1619.0,3.9607620239257812
1620.0,3.9611175060272217
1621.0,3.9554824829101562
1622.0,3.955066442489624
1623.0,3.959110975265503
1624.0,3.958179473876953
1625.0,3.9421017169952393
1626.0,3.9307706356048584
1627.0,3.9287850856781006
1628.0,3.9286136627197266
1629.0,3.922273874282837
1630.0,3.9184112548828125
1631.0,3.915599822998047
1632.0,3.917854070663452
1633.0,3.9247493743896484
1634.0,3.923384428024292
1635.0,3.901139497756958
1636.0,3.876422882080078
1637.0,3.868335723876953
1638.0,3.869335412979126
1639.0,3.8989248275756836
1640.0,3.9370434284210205
1641.0,3.9169247150421143
1642.0,3.878610849380493
1643.0,3.8732147216796875
1644.0,3.871626853942871
1645.0,3.8591716289520264
1646.0,3.8450047969818115
1647.0,3.849454164505005
1648.0,3.8657352924346924
1649.0,3.8622686862945557
1650.0,3.84295916557312
1651.0,3.856416940689087
1652.0,3.922833204269409
1653.0,3.9322879314422607
1654.0,3.8729372024536133
1655.0,3.8544654846191406
1656.0,3.8580732345581055
1657.0,3.852856397628784
1658.0,3.848313331604004
1659.0,3.8489437103271484
1660.0,3.862306594848633
1661.0,3.8667256832122803
1662.0,3.851741075515747
1663.0,3.8449745178222656
1664.0,3.873128890991211
1665.0,3.8881118297576904
1666.0,3.8352344036102295
1667.0,3.796276807785034
1668.0,3.7986199855804443
1669.0,3.8087520599365234
1670.0,3.823179006576538
1671.0,3.832874298095703
1672.0,3.8390274047851562
1673.0,3.8447396755218506
1674.0,3.844489097595215
1675.0,3.841174364089966
1676.0,3.8218929767608643
1677.0,3.7921884059906006
1678.0,3.7907352447509766
1679.0,3.803598165512085
1680.0,3.800067663192749
1681.0,3.7978551387786865
1682.0,3.8040597438812256
1683.0,3.802891492843628
1684.0,3.81093430519104
1685.0,3.824376106262207
1686.0,3.806938409805298
1687.0,3.777383804321289
1688.0,3.781461715698242
1689.0,3.809735059738159
1690.0,3.8324718475341797
1691.0,3.8760125637054443
1692.0,3.849787950515747
1693.0,3.7439639568328857
1694.0,3.7284841537475586
1695.0,3.7686939239501953
1696.0,3.7605416774749756
1697.0,3.695344924926758
1698.0,3.690955400466919
1699.0,3.7352211475372314
1700.0,3.7435905933380127
1701.0,3.7300894260406494
1702.0,3.725830316543579
1703.0,3.735239267349243
1704.0,3.7428271770477295
1705.0,3.747041702270508
1706.0,3.7577579021453857
1707.0,3.7932777404785156
1708.0,3.7967498302459717
1709.0,3.745307207107544
1710.0,3.7196314334869385
1711.0,3.71649432182312
1712.0,3.7226321697235107
1713.0,3.750823736190796
1714.0,3.761845588684082
1715.0,3.7493679523468018
1716.0,3.7333548069000244
1717.0,3.692296266555786
1718.0,3.6711957454681396
1719.0,3.6742610931396484
1720.0,3.6731622219085693
1721.0,3.643955945968628
1722.0,3.628255844116211
1723.0,3.642590284347534
1724.0,3.6615865230560303
1725.0,3.6846139430999756
1726.0,3.696168899536133
1727.0,3.674859046936035
1728.0,3.6585681438446045
1729.0,3.6536166667938232
1730.0,3.6584599018096924
1731.0,3.6866064071655273
1732.0,3.7087337970733643
1733.0,3.7224674224853516
1734.0,3.729010820388794
1735.0,3.7053229808807373
1736.0,3.686910629272461
1737.0,3.7000668048858643
1738.0,3.710761070251465
1739.0,3.656529426574707
1740.0,3.6040430068969727
1741.0,3.606839418411255
1742.0,3.612105131149292
1743.0,3.6162242889404297
1744.0,3.622556686401367
1745.0,3.6430327892303467
1746.0,3.6572465896606445
1747.0,3.6315650939941406
1748.0,3.605618715286255
1749.0,3.603429079055786
1750.0,3.6070477962493896
1751.0,3.6337928771972656
1752.0,3.6537628173828125
1753.0,3.5978500843048096
1754.0,3.5451672077178955
1755.0,3.5805957317352295
1756.0,3.620364189147949
1757.0,3.625991106033325
1758.0,3.6299922466278076
1759.0,3.6190898418426514
1760.0,3.603952646255493
1761.0,3.5751068592071533
1762.0,3.5468223094940186
1763.0,3.5655272006988525
1764.0,3.5876591205596924
1765.0,3.565159559249878
1766.0,3.544590711593628
1767.0,3.5882930755615234
1768.0,3.630152702331543
1769.0,3.6090476512908936
1770.0,3.5788662433624268
1771.0,3.561361074447632
1772.0,3.5528697967529297
1773.0,3.5640830993652344
1774.0,3.578516721725464
1775.0,3.5861141681671143
1776.0,3.59013295173645
1777.0,3.5515308380126953
1778.0,3.5126192569732666
1779.0,3.5085086822509766
1780.0,3.5078303813934326
1781.0,3.5225181579589844
1782.0,3.534978151321411
1783.0,3.529203414916992
1784.0,3.5289976596832275
1785.0,3.544867753982544
1786.0,3.552335023880005
1787.0,3.4970810413360596
1788.0,3.453174591064453
1789.0,3.4811012744903564
1790.0,3.501405715942383
1791.0,3.459740400314331
1792.0,3.43023943901062
1793.0,3.455212354660034
1794.0,3.481001615524292
1795.0,3.4921061992645264
1796.0,3.4951865673065186
1797.0,3.4712607860565186
1798.0,3.444568634033203
1799.0,3.41574764251709
1800.0,3.3975441455841064
1801.0,3.396699905395508
1802.0,3.4039676189422607
1803.0,3.4337713718414307
1804.0,3.4509944915771484
1805.0,3.452014923095703
1806.0,3.4543983936309814
1807.0,3.4565563201904297
1808.0,3.4556491374969482
1809.0,3.436906099319458
1810.0,3.4177560806274414
1811.0,3.4005260467529297
1812.0,3.3995819091796875
1813.0,3.440082550048828
1814.0,3.456613540649414
1815.0,3.428879976272583
1816.0,3.411742925643921
1817.0,3.391460418701172
1818.0,3.3782904148101807
1819.0,3.3758039474487305
1820.0,3.364121675491333
1821.0,3.3102054595947266
1822.0,3.3095996379852295
1823.0,3.3766977787017822
1824.0,3.3816423416137695
1825.0,3.331308364868164
1826.0,3.3275976181030273
1827.0,3.373095750808716
1828.0,3.377685546875
1829.0,3.3628854751586914
1830.0,3.351536512374878
1831.0,3.3271169662475586
1832.0,3.3323514461517334
1833.0,3.350262403488159
1834.0,3.358104705810547
1835.0,3.3517112731933594
1836.0,3.3174145221710205
1837.0,3.2569949626922607
1838.0,3.2718913555145264
1839.0,3.317448377609253
1840.0,3.3261282444000244
1841.0,3.3188588619232178
1842.0,3.3407528400421143
1843.0,3.3707244396209717
1844.0,3.3667633533477783
1845.0,3.3571996688842773
1846.0,3.342858076095581
1847.0,3.322542428970337
1848.0,3.3293559551239014
1849.0,3.3390045166015625
1850.0,3.3276050090789795
1851.0,3.312239408493042
1852.0,3.2869341373443604
1853.0,3.267913818359375
1854.0,3.2797133922576904
1855.0,3.2942826747894287
1856.0,3.3024818897247314
1857.0,3.294926881790161
1858.0,3.2614810466766357
1859.0,3.242619276046753
1860.0,3.247217893600464
1861.0,3.2512543201446533
1862.0,3.2614219188690186
1863.0,3.2733471393585205
1864.0,3.3101093769073486
1865.0,3.3160369396209717
1866.0,3.254323959350586
1867.0,3.2307395935058594
1868.0,3.203721761703491
1869.0,3.2001888751983643
1870.0,3.2014429569244385
1871.0,3.2038841247558594
1872.0,3.21098256111145
1873.0,3.2027406692504883
1874.0,3.188656806945801
1875.0,3.1960372924804688
1876.0,3.2138853073120117
1877.0,3.221284866333008
1878.0,3.216580629348755
1879.0,3.1777334213256836
1880.0,3.123562812805176
1881.0,3.166902542114258
1882.0,3.239511728286743
1883.0,3.2271735668182373
1884.0,3.201993703842163
1885.0,3.1973488330841064
1886.0,3.1943581104278564
1887.0,3.1880276203155518
1888.0,3.184859037399292
1889.0,3.2040252685546875
1890.0,3.21661376953125
1891.0,3.2224807739257812
1892.0,3.2264785766601562
1893.0,3.2188732624053955
1894.0,3.207569122314453
1895.0,3.155076265335083
1896.0,3.1385934352874756
1897.0,3.169424295425415
1898.0,3.174968719482422
1899.0,3.148282051086426
1900.0,3.1503217220306396
1901.0,3.199993371963501
1902.0,3.1897213459014893
1903.0,3.1203010082244873
1904.0,3.127814292907715
1905.0,3.1686575412750244
1906.0,3.172893524169922
1907.0,3.1648101806640625
1908.0,3.17497181892395
1909.0,3.191802978515625
1910.0,3.1595542430877686
1911.0,3.115817070007324
1912.0,3.1062161922454834
1913.0,3.0986101627349854
1914.0,3.069523572921753
1915.0,3.0438764095306396
1916.0,3.06335186958313
1917.0,3.074475049972534
1918.0,3.018401861190796
1919.0,2.991168260574341
1920.0,3.062594175338745
1921.0,3.0934059619903564
1922.0,3.08138108253479
1923.0,3.0652666091918945
1924.0,3.031395196914673
1925.0,3.0247604846954346
1926.0,3.03716778755188
1927.0,3.063969850540161
1928.0,3.101090431213379
1929.0,3.072601318359375
1930.0,2.985401153564453
1931.0,2.9953696727752686
1932.0,3.032208204269409
1933.0,3.0383903980255127
1934.0,3.038344383239746
1935.0,3.0120108127593994
1936.0,2.9852607250213623
1937.0,3.012025833129883
1938.0,3.0318195819854736
1939.0,2.9826738834381104
1940.0,2.94340443611145
1941.0,2.9673919677734375
1942.0,2.9826138019561768
1943.0,2.97579026222229
1944.0,2.9744765758514404
1945.0,2.9693851470947266
1946.0,2.9582910537719727
1947.0,2.944986343383789
1948.0,2.9402449131011963
1949.0,2.9421451091766357
1950.0,2.94451642036438
1951.0,2.951322317123413
1952.0,2.9723711013793945
1953.0,3.005425453186035
1954.0,2.9720656871795654
1955.0,2.9271252155303955
1956.0,2.9356229305267334
1957.0,2.9463284015655518
1958.0,2.957087278366089
1959.0,2.964796304702759
1960.0,2.9403932094573975
1961.0,2.9257166385650635
1962.0,2.9396047592163086
1963.0,2.940580129623413
1964.0,2.886159896850586
1965.0,2.8860671520233154
1966.0,2.9584686756134033
1967.0,2.958754301071167
1968.0,2.8894078731536865
1969.0,2.869155168533325
1970.0,2.876267671585083
1971.0,2.8737828731536865
1972.0,2.8658154010772705
1973.0,2.8607101440429688
1974.0,2.8639495372772217
1975.0,2.892122268676758
1976.0,2.91593337059021
1977.0,2.894002914428711
1978.0,2.874873399734497
1979.0,2.8869469165802
1980.0,2.896381378173828
1981.0,2.869321584701538
1982.0,2.859039306640625
1983.0,2.855388641357422
1984.0,2.868863821029663
1985.0,2.9013512134552
1986.0,2.9029667377471924
1987.0,2.8739173412323
1988.0,2.8814194202423096
1989.0,2.9029388427734375
1990.0,2.865751266479492
1991.0,2.810626268386841
1992.0,2.8183796405792236
1993.0,2.8372538089752197
1994.0,2.8664703369140625
1995.0,2.8802490234375
1996.0,2.8449909687042236
1997.0,2.8163516521453857
1998.0,2.809462308883667
1999.0,2.811457872390747
2000.0,2.8390514850616455
2001.0,2.850172758102417
2002.0,2.865407943725586
2003.0,2.843846321105957
2004.0,2.7988879680633545
2005.0,2.802356481552124
2006.0,2.8182811737060547
2007.0,2.796004295349121
2008.0,2.7606709003448486
2009.0,2.8003225326538086
2010.0,2.828364133834839
2011.0,2.762312650680542
2012.0,2.728471040725708
2013.0,2.757171392440796
2014.0,2.7609617710113525
2015.0,2.705571413040161
2016.0,2.7182435989379883
2017.0,2.8150901794433594
2018.0,2.8082005977630615
2019.0,2.751049757003784
2020.0,2.7377846240997314
2021.0,2.721850633621216
2022.0,2.7032032012939453
2023.0,2.694547414779663
2024.0,2.7627694606781006
2025.0,2.812537431716919
2026.0,2.7712936401367188
2027.0,2.728937864303589
2028.0,2.7093212604522705
2029.0,2.6908912658691406
2030.0,2.637026786804199
2031.0,2.6449973583221436
2032.0,2.693067789077759
2033.0,2.697097063064575
2034.0,2.678497552871704
2035.0,2.6713149547576904
2036.0,2.6596407890319824
2037.0,2.6313068866729736
2038.0,2.610255002975464
2039.0,2.6606833934783936
2040.0,2.693209648132324
2041.0,2.674295425415039
2042.0,2.651780366897583
2043.0,2.634338140487671
2044.0,2.6254520416259766
2045.0,2.6034181118011475
2046.0,2.6249608993530273
2047.0,2.6763904094696045
2048.0,2.6549766063690186
2049.0,2.612731695175171
2050.0,2.623253583908081
2051.0,2.63555645942688
2052.0,2.6217329502105713
2053.0,2.6155080795288086
2054.0,2.625753402709961
2055.0,2.627760171890259
2056.0,2.6126296520233154
2057.0,2.6080729961395264
2058.0,2.604813814163208
2059.0,2.60662579536438
2060.0,2.6106507778167725
2061.0,2.583997964859009
2062.0,2.5461556911468506
2063.0,2.608593702316284
2064.0,2.665708541870117
2065.0,2.610335350036621
2066.0,2.5570805072784424
2067.0,2.4953079223632812
2068.0,2.480898857116699
2069.0,2.510601282119751
2070.0,2.525486707687378
2071.0,2.5349881649017334
2072.0,2.504492998123169
2073.0,2.4587936401367188
2074.0,2.509744882583618
2075.0,2.587183952331543
2076.0,2.546182632446289
2077.0,2.5062811374664307
2078.0,2.530177354812622
2079.0,2.5310440063476562
2080.0,2.5072150230407715
2081.0,2.4996213912963867
2082.0,2.4938509464263916
2083.0,2.5297257900238037
2084.0,2.600675344467163
2085.0,2.5525248050689697
2086.0,2.4711649417877197
2087.0,2.467620611190796
2088.0,2.468937635421753
2089.0,2.4885637760162354
2090.0,2.4967687129974365
2091.0,2.4861981868743896
2092.0,2.4757440090179443
2093.0,2.4501664638519287
2094.0,2.4586620330810547
2095.0,2.4870216846466064
2096.0,2.4744913578033447
2097.0,2.4552001953125
2098.0,2.4766910076141357
2099.0,2.503312110900879
2100.0,2.504171371459961
2101.0,2.4967284202575684
2102.0,2.4665462970733643
2103.0,2.4584786891937256
2104.0,2.461792469024658
2105.0,2.4508042335510254
2106.0,2.4279468059539795
2107.0,2.4013237953186035
2108.0,2.3807787895202637
2109.0,2.4179790019989014
2110.0,2.451152801513672
2111.0,2.396498441696167
2112.0,2.3689849376678467
2113.0,2.4157967567443848
2114.0,2.4230406284332275
2115.0,2.390181064605713
2116.0,2.390322685241699
2117.0,2.404221773147583
2118.0,2.39174747467041
2119.0,2.373006820678711
2120.0,2.367473840713501
2121.0,2.366521120071411
2122.0,2.3806848526000977
2123.0,2.3880062103271484
2124.0,2.386930465698242
2125.0,2.3964626789093018
2126.0,2.4281697273254395
2127.0,2.4186389446258545
2128.0,2.3877298831939697
2129.0,2.3769962787628174
2130.0,2.3664093017578125
2131.0,2.3343801498413086
2132.0,2.320477247238159
2133.0,2.3577630519866943
2134.0,2.3584203720092773
2135.0,2.3310253620147705
2136.0,2.3513271808624268
2137.0,2.420389175415039
2138.0,2.394632577896118
2139.0,2.342123508453369
2140.0,2.3269736766815186
2141.0,2.309690237045288
2142.0,2.2701334953308105
2143.0,2.248805284500122
2144.0,2.2378087043762207
2145.0,2.254019021987915
2146.0,2.318235158920288
2147.0,2.30010986328125
2148.0,2.2524797916412354
2149.0,2.23020339012146
2150.0,2.2203543186187744
2151.0,2.2489569187164307
2152.0,2.261841297149658
2153.0,2.210253953933716
2154.0,2.1936209201812744
2155.0,2.199747085571289
2156.0,2.200636386871338
2157.0,2.2013533115386963
2158.0,2.224942445755005
2159.0,2.2477943897247314
2160.0,2.2370989322662354
2161.0,2.2254397869110107
2162.0,2.209428071975708
2163.0,2.218496322631836
2164.0,2.265247344970703
2165.0,2.2374560832977295
2166.0,2.152400016784668
2167.0,2.1484994888305664
2168.0,2.1556613445281982
2169.0,2.207440137863159
2170.0,2.2375705242156982
2171.0,2.1966230869293213
2172.0,2.1723902225494385
2173.0,2.150843381881714
2174.0,2.1374619007110596
2175.0,2.123215675354004
2176.0,2.1462981700897217
2177.0,2.1803667545318604
2178.0,2.166823625564575
2179.0,2.1562087535858154
2180.0,2.1676716804504395
2181.0,2.1702053546905518
2182.0,2.1633598804473877
2183.0,2.1470587253570557
2184.0,2.1217868328094482
2185.0,2.104879140853882
2186.0,2.087941884994507
2187.0,2.0787770748138428
2188.0,2.0805084705352783
2189.0,2.1728851795196533
2190.0,2.1766750812530518
2191.0,2.0870895385742188
2192.0,2.0652096271514893
2193.0,2.0582597255706787
2194.0,2.0897998809814453
2195.0,2.116823673248291
2196.0,2.101855993270874
2197.0,2.0897247791290283
2198.0,2.0833961963653564
2199.0,2.0777037143707275
2200.0,2.0710721015930176
2201.0,2.0642497539520264
2202.0,2.0556013584136963
2203.0,2.06880259513855
2204.0,2.077869176864624
2205.0,2.0822505950927734
2206.0,2.0774738788604736
2207.0,2.055893659591675
2208.0,2.0425968170166016
2209.0,2.0324249267578125
2210.0,2.031541347503662
2211.0,2.0357558727264404
2212.0,1.981215476989746
2213.0,1.9348258972167969
2214.0,1.9227228164672852
2215.0,1.9316562414169312
2216.0,1.9778896570205688
2217.0,1.9779258966445923
2218.0,1.9638385772705078
2219.0,1.9645792245864868
2220.0,1.9604486227035522
2221.0,1.9752751588821411
2222.0,1.9808063507080078
2223.0,1.9624191522598267
2224.0,1.9485915899276733
2225.0,1.9414151906967163
2226.0,1.914812445640564
2227.0,1.8834718465805054
2228.0,1.8968127965927124
2229.0,1.9085384607315063
2230.0,1.9342399835586548
2231.0,1.9351428747177124
2232.0,1.9098329544067383
2233.0,1.9093217849731445
2234.0,1.9127459526062012
2235.0,1.8894777297973633
2236.0,1.8791227340698242
2237.0,1.9249695539474487
2238.0,1.9325065612792969
2239.0,1.8842434883117676
2240.0,1.8849735260009766
2241.0,1.908117651939392
2242.0,1.9100302457809448
2243.0,1.911142349243164
2244.0,1.8989448547363281
2245.0,1.890574336051941
2246.0,1.8739763498306274
2247.0,1.8801847696304321
2248.0,1.9105583429336548
2249.0,1.8977934122085571
2250.0,1.872235655784607
2251.0,1.8052459955215454
2252.0,1.7654787302017212
2253.0,1.7975956201553345
2254.0,1.8209041357040405
2255.0,1.8472787141799927
2256.0,1.8264656066894531
2257.0,1.7912603616714478
2258.0,1.7930902242660522
2259.0,1.8014878034591675
2260.0,1.843833327293396
2261.0,1.8532196283340454
2262.0,1.8276399374008179
2263.0,1.8158930540084839
2264.0,1.801002860069275
2265.0,1.8153538703918457
2266.0,1.8210463523864746
2267.0,1.7948274612426758
2268.0,1.7891407012939453
2269.0,1.8171544075012207
2270.0,1.8180551528930664
2271.0,1.799774169921875
2272.0,1.7555345296859741
2273.0,1.724331021308899
2274.0,1.755285620689392
2275.0,1.7821979522705078
2276.0,1.7864261865615845
2277.0,1.782318115234375
2278.0,1.7635399103164673
2279.0,1.7055460214614868
2280.0,1.6739864349365234
2281.0,1.7675780057907104
2282.0,1.793137550354004
2283.0,1.734216570854187
2284.0,1.7239097356796265
2285.0,1.7330518960952759
2286.0,1.696287989616394
2287.0,1.6607532501220703
2288.0,1.6715039014816284
2289.0,1.6665366888046265
2290.0,1.6409014463424683
2291.0,1.6433496475219727
2292.0,1.6621609926223755
2293.0,1.6257585287094116
2294.0,1.5968064069747925
2295.0,1.646540641784668
2296.0,1.661465048789978
2297.0,1.6375118494033813
2298.0,1.6420575380325317
2299.0,1.6560856103897095
2300.0,1.648985743522644
