DeviceSN	40009
LaserWavelength_nm	785
Exposure_ms	2000
GainMultiplier	1
LaserCurrent_mA	3130
LaserPower_mW	89.000145
RepetitionCount	3
Tags	
500	1.05845702
501	1.06347978
502	1.05419958
503	1.04181087
504	1.03473341
505	1.02461863
506	1.01738942
507	1.01892567
508	1.02570939
509	1.032426
510	1.05344987
511	1.07668447
512	1.08036864
513	1.07316911
514	1.06793654
515	1.07745636
516	1.09709287
517	1.10623491
518	1.10466766
519	1.10204685
520	1.103912
521	1.11549413
522	1.12575436
523	1.13272476
524	1.1457566
525	1.15216005
526	1.14131355
527	1.12345076
528	1.11217403
529	1.10192478
530	1.09836841
531	1.11614037
532	1.15190697
533	1.168818
534	1.16496503
535	1.15854871
536	1.15488648
537	1.15605879
538	1.15767038
539	1.15293729
540	1.14168918
541	1.13611448
542	1.1372993
543	1.13899863
544	1.13885856
545	1.13477254
546	1.13052988
547	1.13529849
548	1.15084445
549	1.15567088
550	1.13171339
551	1.09663033
552	1.07569528
553	1.05951822
554	1.05000377
555	1.06691277
556	1.11356568
557	1.13642871
558	1.11811173
559	1.09115779
560	1.08192527
561	1.0822022
562	1.08399725
563	1.08683932
564	1.09316862
565	1.09591448
566	1.08613193
567	1.07350278
568	1.07239056
569	1.07540381
570	1.07749069
571	1.07349455
572	1.06322384
573	1.05652976
574	1.05869639
575	1.06324673
576	1.06055737
577	1.04515839
578	1.03327167
579	1.03802383
580	1.04966462
581	1.05282879
582	1.03965521
583	1.02489531
584	1.02398491
585	1.03153706
586	1.04118299
587	1.04981112
588	1.05636346
589	1.05720258
590	1.04635084
591	1.03523088
592	1.0351516
593	1.03784323
594	1.03937519
595	1.03853393
596	1.03605902
597	1.03168428
598	1.02397072
599	1.01631808
600	1.00732183
601	0.991215587
602	0.980762541
603	0.98343879
604	0.990449786
605	0.996221542
606	1.02078784
607	1.03842187
608	1.01992917
609	0.98316133
610	0.969282866
611	0.982496858
612	1.00304163
613	1.01906085
614	1.0336684
615	1.0496676
616	1.07670164
617	1.10706484
618	1.11361396
619	1.09217525
620	1.06616902
621	1.05306721
622	1.04363251
623	1.03502882
624	1.01648307
625	0.994739413
626	0.986662984
627	0.98523885
628	0.985415816
629	0.989126444
630	0.999590874
631	1.01137102
632	1.03845417
633	1.06897604
634	1.08400977
635	1.09590459
636	1.10882449
637	1.12929022
638	1.15143371
639	1.1603471
640	1.16659784
641	1.1698823
642	1.15668035
643	1.12206852
644	1.09489954
645	1.07805336
646	1.06525779
647	1.05579233
648	1.03915119
649	1.02849352
650	1.03168368
651	1.0384078
652	1.0400641
653	1.03514421
654	1.03111148
655	1.03170633
656	1.03073907
657	1.03042519
658	1.03195822
659	1.03370869
660	1.03603649
661	1.04622734
662	1.05607712
663	1.06596589
664	1.07899582
665	1.08100665
666	1.05805993
667	1.03251624
668	1.0279119
669	1.03465462
670	1.03914392
671	1.06077385
672	1.08934569
673	1.08723199
674	1.05193007
675	1.02789927
676	1.03797007
677	1.05547702
678	1.06088829
679	1.05066133
680	1.03871572
681	1.0325278
682	1.02497721
683	1.0219928
684	1.02368808
685	1.02595735
686	1.02720046
687	1.02863705
688	1.02596629
689	1.01349437
690	0.998893857
691	0.999640107
692	1.03107405
693	1.06002653
694	1.0671221
695	1.07381642
696	1.07487488
697	1.0523653
698	1.02773881
699	1.0303992
700	1.04932868
701	1.06324804
702	1.0757637
703	1.08907628
704	1.09200132
705	1.09486246
706	1.09693348
707	1.09024072
708	1.078336
709	1.07815111
710	1.09242594
711	1.10886359
712	1.12252092
713	1.13966596
714	1.15106857
715	1.16947949
716	1.18706381
717	1.1878649
718	1.18473148
719	1.18671978
720	1.20434201
721	1.22564042
722	1.22882497
723	1.21642721
724	1.2070471
725	1.20546317
726	1.20082164
727	1.19238639
728	1.17226505
729	1.15654838
730	1.15645897
731	1.15797162
732	1.15596581
733	1.14064431
734	1.12550116
735	1.12990904
736	1.14930761
737	1.16223812
738	1.16159534
739	1.15744388
740	1.15831685
741	1.16535664
742	1.16975117
743	1.16272378
744	1.15244007
745	1.15426636
746	1.17001021
747	1.18800676
748	1.20587862
749	1.22731173
750	1.24349344
751	1.2574538
752	1.26768589
753	1.27558708
754	1.28589714
755	1.28860164
756	1.274333
757	1.25797868
758	1.25336611
759	1.25107217
760	1.25032306
761	1.25380838
762	1.2585746
763	1.25907755
764	1.25566173
765	1.25357556
766	1.25012314
767	1.24604452
768	1.2573483
769	1.30842578
770	1.34316266
771	1.34282804
772	1.33917701
773	1.34214044
774	1.36661446
775	1.38357651
776	1.37483835
777	1.36062098
778	1.35287809
779	1.33310986
780	1.31627774
781	1.30886102
782	1.29384506
783	1.27960348
784	1.25136054
785	1.2250967
786	1.21571791
787	1.20910358
788	1.20647693
789	1.20128143
790	1.19623125
791	1.19285333
792	1.18419421
793	1.18083024
794	1.1912452
795	1.20254135
796	1.20011735
797	1.19024336
798	1.18268347
799	1.18123126
800	1.18499243
801	1.19780362
802	1.22325099
803	1.23838651
804	1.23417509
805	1.22684979
806	1.23413503
807	1.25869024
808	1.2721895
809	1.26923323
810	1.267205
811	1.27545309
812	1.29583573
813	1.31467915
814	1.33379722
815	1.35573578
816	1.37566864
817	1.41211176
818	1.43476903
819	1.43395758
820	1.42977524
821	1.43122566
822	1.45005298
823	1.46313012
824	1.46829069
825	1.47545278
826	1.47031713
827	1.44843638
828	1.43215108
829	1.43580854
830	1.44567585
831	1.44388556
832	1.41836572
833	1.40060675
834	1.41221559
835	1.43235016
836	1.44103312
837	1.45308352
838	1.46554518
839	1.47795987
840	1.49039507
841	1.4964664
842	1.52202415
843	1.55185413
844	1.58185482
845	1.61426044
846	1.62889051
847	1.63191438
848	1.63060737
849	1.62693644
850	1.62119913
851	1.6175189
852	1.62111807
853	1.62012649
854	1.60713208
855	1.59022498
856	1.57295573
857	1.54205763
858	1.52372158
859	1.52708364
860	1.53495252
861	1.54684186
862	1.57177567
863	1.5870018
864	1.57537031
865	1.55581522
866	1.54990077
867	1.54666257
868	1.5451026
869	1.54390574
870	1.54257548
871	1.55139315
872	1.58843946
873	1.61080229
874	1.5983696
875	1.58063459
876	1.58331776
877	1.59853876
878	1.60595393
879	1.57826555
880	1.54342103
881	1.54623246
882	1.57207894
883	1.58845353
884	1.59083712
885	1.59192824
886	1.59755588
887	1.60573554
888	1.60821533
889	1.59343457
890	1.57837009
891	1.58707213
892	1.61110353
893	1.62040949
894	1.61358762
895	1.60534978
896	1.59751165
897	1.58291924
898	1.57433152
899	1.56854749
900	1.56522298
901	1.56525528
902	1.56437957
903	1.55796671
904	1.53219151
905	1.51358557
906	1.52116609
907	1.53753161
908	1.55006075
909	1.56437588
910	1.57191324
911	1.56817496
912	1.56142139
913	1.55726492
914	1.55433798
915	1.55327201
916	1.55842984
917	1.5651257
918	1.56963909
919	1.58292675
920	1.58989286
921	1.6132046
922	1.63904667
923	1.63398504
924	1.61291313
925	1.60212898
926	1.61369288
927	1.63053107
928	1.64387131
929	1.65959072
930	1.66134167
931	1.63891673
932	1.61982918
933	1.62007165
934	1.62300491
935	1.61868715
936	1.59843111
937	1.583951
938	1.59095848
939	1.60303605
940	1.59825754
941	1.5774498
942	1.56720805
943	1.57472396
944	1.58442402
945	1.59127319
946	1.60523009
947	1.61081076
948	1.60291195
949	1.59591103
950	1.59965467
951	1.60557818
952	1.60712981
953	1.6012423
954	1.59724116
955	1.61033368
956	1.63146591
957	1.63273644
958	1.61728501
959	1.6076839
960	1.61176467
961	1.61650181
962	1.6070385
963	1.57811689
964	1.55914962
965	1.55063248
966	1.54887295
967	1.56232977
968	1.58489466
969	1.59002733
970	1.57232058
971	1.55000114
972	1.53144455
973	1.51627016
974	1.51858091
975	1.54538274
976	1.56134248
977	1.54490733
978	1.52249122
979	1.51937604
980	1.5233171
981	1.52975249
982	1.54611921
983	1.56080735
984	1.56598115
985	1.57491994
986	1.58246005
987	1.59037662
988	1.59468269
989	1.59733057
990	1.60419178
991	1.61775112
992	1.65616632
993	1.70967257
994	1.79505372
995	1.90625453
996	2.04405951
997	2.20915079
998	2.27620697
999	2.29745674
1000	2.30684233
1001	2.2358644
1002	2.07816148
1003	1.96187961
1004	1.86820483
1005	1.79193187
1006	1.72703505
1007	1.67841423
1008	1.65968847
1009	1.6531229
1010	1.64117455
1011	1.60987699
1012	1.57343817
1013	1.53737044
1014	1.50218403
1015	1.49837422
1016	1.52907658
1017	1.54856467
1018	1.54163265
1019	1.53203154
1020	1.52967381
1021	1.52911735
1022	1.53645527
1023	1.59390068
1024	1.65593445
1025	1.69694316
1026	1.74359059
1027	1.74803221
1028	1.71537399
1029	1.68896055
1030	1.67079353
1031	1.65000319
1032	1.62834907
1033	1.59265661
1034	1.57506251
1035	1.57527602
1036	1.57116938
1037	1.54132485
1038	1.50280225
1039	1.4988817
1040	1.51675344
1041	1.52790391
1042	1.52524614
1043	1.52130103
1044	1.52469385
1045	1.53320682
1046	1.53668547
1047	1.53143001
1048	1.52624702
1049	1.52132559
1050	1.51510441
1051	1.5210042
1052	1.54388046
1053	1.55383945
1054	1.54131532
1055	1.52955973
1056	1.52985334
1057	1.53007531
1058	1.5364697
1059	1.55057311
1060	1.56013501
1061	1.55785871
1062	1.55255151
1063	1.5517149
1064	1.55177069
1065	1.55647302
1066	1.57891273
1067	1.59633517
1068	1.58837128
1069	1.57394791
1070	1.57580185
1071	1.59296012
1072	1.60493326
1073	1.60555053
1074	1.60250664
1075	1.60484648
1076	1.61326218
1077	1.61653233
1078	1.6237886
1079	1.62814569
1080	1.63012683
1081	1.6325748
1082	1.63936734
1083	1.65743494
1084	1.66183138
1085	1.6573081
1086	1.65432906
1087	1.64566994
1088	1.63341212
1089	1.63312352
1090	1.63445044
1091	1.64303219
1092	1.67823243
1093	1.70555496
1094	1.68674111
1095	1.65113831
1096	1.6410284
1097	1.63749826
1098	1.63014174
1099	1.60689723
1100	1.58770514
1101	1.5928812
1102	1.60447359
1103	1.60310841
1104	1.5812149
1105	1.56782937
1106	1.57928467
1107	1.59346724
1108	1.58737683
1109	1.57026863
1110	1.56327105
1111	1.55974841
1112	1.55506849
1113	1.53893077
1114	1.52234316
1115	1.53205037
1116	1.56432605
1117	1.58596015
1118	1.6059624
1119	1.61601532
1120	1.5968411
1121	1.56611276
1122	1.54692996
1123	1.52578616
1124	1.51263213
1125	1.50475454
1126	1.49594712
1127	1.47211039
1128	1.43588209
1129	1.40113389
1130	1.36389601
1131	1.33551025
1132	1.30911183
1133	1.29590511
1134	1.30679905
1135	1.32335973
1136	1.3197726
1137	1.2973485
1138	1.28947103
1139	1.28965414
1140	1.29109538
1141	1.2955277
1142	1.29997802
1143	1.29923093
1144	1.29545557
1145	1.2948724
1146	1.30290997
1147	1.31173205
1148	1.32693756
1149	1.34537804
1150	1.35008752
1151	1.35216367
1152	1.35076773
1153	1.33354735
1154	1.31988847
1155	1.32527649
1156	1.33392465
1157	1.32196379
1158	1.28888214
1159	1.27716565
1160	1.28182924
1161	1.28964245
1162	1.30373836
1163	1.3188889
1164	1.32850754
1165	1.34358394
1166	1.35276008
1167	1.37040448
1168	1.38105595
1169	1.37307787
1170	1.36291695
1171	1.36014593
1172	1.35347021
1173	1.34624159
1174	1.3349123
1175	1.32389307
1176	1.30867982
1177	1.29424024
1178	1.28596771
1179	1.27940285
1180	1.28286433
1181	1.29904199
1182	1.31631815
1183	1.34232128
1184	1.3605212
1185	1.3421731
1186	1.30996811
1187	1.3196286
1188	1.3753159
1189	1.40266323
1190	1.40357709
1191	1.40557313
1192	1.42161787
1193	1.44579256
1194	1.47300959
1195	1.50920713
1196	1.52649713
1197	1.53161883
1198	1.53927612
1199	1.57859707
1200	1.62285638
1201	1.63134074
1202	1.63075113
1203	1.63549924
1204	1.64815378
1205	1.65673423
1206	1.65763903
1207	1.65602124
1208	1.65528607
1209	1.656389
1210	1.66316748
1211	1.68110538
1212	1.69263268
1213	1.69859266
1214	1.70329928
1215	1.71279788
1216	1.72501731
1217	1.73714352
1218	1.75694132
1219	1.76745701
1220	1.79677749
1221	1.81855404
1222	1.83152151
1223	1.84321916
1224	1.8481226
1225	1.8498385
1226	1.84967971
1227	1.84889948
1228	1.85087049
1229	1.862643
1230	1.87247145
1231	1.86629605
1232	1.85590148
1233	1.86339188
1234	1.88452601
1235	1.88840485
1236	1.87540317
1237	1.86718273
1238	1.87083769
1239	1.87657356
1240	1.88557744
1241	1.89828849
1242	1.89814186
1243	1.89542592
1244	1.89136219
1245	1.87159514
1246	1.85845828
1247	1.87029159
1248	1.88808334
1249	1.89642477
1250	1.90152168
1251	1.90032887
1252	1.89449835
1253	1.88897872
1254	1.87781167
1255	1.86971831
1256	1.88986433
1257	1.9211607
1258	1.91714489
1259	1.89246082
1260	1.88428307
1261	1.87902188
1262	1.87443733
1263	1.87285066
1264	1.87261212
1265	1.87362814
1266	1.87543607
1267	1.87787795
1268	1.88530087
1269	1.88293123
1270	1.84031045
1271	1.81436706
1272	1.83866763
1273	1.86599433
1274	1.86522913
1275	1.85963583
1276	1.85820234
1277	1.85624886
1278	1.85571086
1279	1.85745287
1280	1.85859036
1281	1.85387111
1282	1.84837723
1283	1.85160708
1284	1.85898829
1285	1.86010706
1286	1.85935378
1287	1.86606801
1288	1.8974998
1289	1.91942275
1290	1.91651702
1291	1.91288376
1292	1.93122435
1293	1.96558738
1294	1.97346425
1295	1.96679056
1296	1.96736145
1297	1.9842329
1298	1.99489355
1299	1.99813485
1300	2.00221324
1301	2.00856757
1302	2.02252221
1303	2.03266907
1304	2.04485393
1305	2.0498879
1306	2.05914545
1307	2.06449032
1308	2.06725049
1309	2.0699935
1310	2.05252051
1311	2.02202177
1312	2.02987003
1313	2.06556749
1314	2.07884955
1315	2.07779884
1316	2.07654667
1317	2.07677269
1318	2.07699609
1319	2.06958818
1320	2.058635
1321	2.06444645
1322	2.07633138
1323	2.07897425
1324	2.07519436
1325	2.07251883
1326	2.07799792
1327	2.08440495
1328	2.08422065
1329	2.07996774
1330	2.07071638
1331	2.05752945
1332	2.05779457
1333	2.07020617
1334	2.06989336
1335	2.04765391
1336	2.02775121
1337	2.00526953
1338	1.97843409
1339	1.94635308
1340	1.90529394
1341	1.8944416
1342	1.87424016
1343	1.86116099
1344	1.83367682
1345	1.80339885
1346	1.75828075
1347	1.7247436
1348	1.73188233
1349	1.74529028
1350	1.73072052
1351	1.69751644
1352	1.68213177
1353	1.66253805
1354	1.65466285
1355	1.64173484
1356	1.62461185
1357	1.60507607
1358	1.59088421
1359	1.58919895
1360	1.58786321
1361	1.58035588
1362	1.55937314
1363	1.54771924
1364	1.53300786
1365	1.51968634
1366	1.50261974
1367	1.4912293
1368	1.49964058
1369	1.51053596
1370	1.48462343
1371	1.43114698
1372	1.41212082
1373	1.40194726
1374	1.40529215
1375	1.44435525
1376	1.46348631
1377	1.42843449
1378	1.40116704
1379	1.41870332
1380	1.44058406
1381	1.43620288
1382	1.42072523
1383	1.42503011
1384	1.44058216
1385	1.44372118
1386	1.43361795
1387	1.42621946
1388	1.41586494
1389	1.4098841
1390	1.41851628
1391	1.42770398
1392	1.41727793
1393	1.39618421
1394	1.40490413
1395	1.4361769
1396	1.44199371
1397	1.42046821
1398	1.39983857
1399	1.38643706
1400	1.38089633
1401	1.39789975
1402	1.4216702
1403	1.42814815
1404	1.42998052
1405	1.43474817
1406	1.44143665
1407	1.43695831
1408	1.41677403
1409	1.41170633
1410	1.45292807
1411	1.4863627
1412	1.49248493
1413	1.49344051
1414	1.51318717
1415	1.54388905
1416	1.53970385
1417	1.52402186
1418	1.52161288
1419	1.53743744
1420	1.55048871
1421	1.55595326
1422	1.55893159
1423	1.5559833
1424	1.56259155
1425	1.59837162
1426	1.64741135
1427	1.69251847
1428	1.74068332
1429	1.79001248
1430	1.84264731
1431	1.89298832
1432	1.94709373
1433	1.99004459
1434	2.03868937
1435	2.07374954
1436	2.10660076
1437	2.14305019
1438	2.19087672
1439	2.24183607
1440	2.2651124
1441	2.28007579
1442	2.28888559
1443	2.30662823
1444	2.32245016
1445	2.34730768
1446	2.35708332
1447	2.32790327
1448	2.30728865
1449	2.28913307
1450	2.26523113
1451	2.2372613
1452	2.19989157
1453	2.16640711
1454	2.13529134
1455	2.11961746
1456	2.10859966
1457	2.08543634
1458	2.03179932
1459	1.98729324
1460	1.95002031
1461	1.91382313
1462	1.86056972
1463	1.80728173
1464	1.76914418
1465	1.72976804
1466	1.67930293
1467	1.6231041
1468	1.57563448
1469	1.53296208
1470	1.49661279
1471	1.46076465
1472	1.42388546
1473	1.37278879
1474	1.33519065
1475	1.31194007
1476	1.29019558
1477	1.25703967
1478	1.23059082
1479	1.21344447
1480	1.19410241
1481	1.18430507
1482	1.16670239
1483	1.14552438
1484	1.11012566
1485	1.09541047
1486	1.09116733
1487	1.08275032
1488	1.06321883
1489	1.04219174
1490	1.01642203
1491	0.999109626
1492	0.990909815
1493	0.984666049
1494	0.982252121
1495	0.980224967
1496	0.978743911
1497	0.974404216
1498	0.956741929
1499	0.925812602
1500	0.908033967
1501	0.896283388
1502	0.889209807
1503	0.884649038
1504	0.884239912
1505	0.891331792
1506	0.898920655
1507	0.901160359
1508	0.899982452
1509	0.885988355
1510	0.869205475
1511	0.874828458
1512	0.885349751
1513	0.882445216
1514	0.874962449
1515	0.874167681
1516	0.884154081
1517	0.883943737
1518	0.866963267
1519	0.866012931
1520	0.898326814
1521	0.913897514
1522	0.888350606
1523	0.869410992
1524	0.879218698
1525	0.888993382
1526	0.885252416
1527	0.879127979
1528	0.875195265
1529	0.872725487
1530	0.874567509
1531	0.878674746
1532	0.878273547
1533	0.872139513
1534	0.870221138
1535	0.870120049
1536	0.875509262
1537	0.914799094
1538	0.934108615
1539	0.926516891
1540	0.92186749
1541	0.932155728
1542	0.946451187
1543	0.959251225
1544	0.973841369
1545	0.991580009
1546	1.00636482
1547	0.997811317
1548	0.976347446
1549	0.970883489
1550	0.971671462
1551	0.974626064
1552	0.98511076
1553	0.987198293
1554	0.984847426
1555	0.978881061
1556	0.965405107
1557	0.956375003
1558	0.952661037
1559	0.954380512
1560	0.968720436
1561	0.982575059
1562	0.995556116
1563	1.00663054
1564	1.01126266
1565	1.0182364
1566	1.02063191
1567	1.02370977
1568	1.0156424
1569	0.995782852
1570	1.0119909
1571	1.06730163
1572	1.07261944
1573	1.03830993
1574	1.01609051
1575	0.999983191
1576	0.99533236
1577	1.00460219
1578	1.01490331
1579	1.02181458
1580	1.028139
1581	1.03549445
1582	1.03347397
1583	0.988862097
1584	0.945425987
1585	0.949729443
1586	0.959849238
1587	0.96775198
1588	0.975083292
1589	0.96372962
1590	0.942349792
1591	0.946898818
1592	0.97042346
1593	0.98573494
1594	0.995436311
1595	1.00811756
1596	1.03063571
1597	1.04299605
1598	1.04201221
1599	1.05067956
1600	1.09702158
1601	1.11995828
1602	1.11014152
1603	1.0943259
1604	1.06370842
1605	1.04146218
1606	1.04726315
1607	1.05717611
1608	1.06240582
1609	1.06699407
1610	1.07253039
1611	1.07902789
1612	1.07921493
1613	1.07925987
1614	1.05906272
1615	1.01768088
1616	1.01288021
1617	1.02415931
1618	1.03032649
1619	1.03687203
1620	1.02854204
1621	1.00284135
1622	0.983985603
1623	0.962968826
1624	0.960892975
1625	1.00824666
1626	1.02705038
1627	1.01619196
1628	1.01029861
1629	1.03438818
1630	1.05021811
1631	1.06382668
1632	1.07916152
1633	1.10827422
1634	1.13702106
1635	1.15313327
1636	1.16866648
1637	1.19714451
1638	1.22426224
1639	1.22264266
1640	1.21999645
1641	1.23198009
1642	1.25342572
1643	1.28837156
1644	1.33448029
1645	1.3627032
1646	1.38776171
1647	1.41677225
1648	1.45294166
1649	1.48465538
1650	1.51744676
1651	1.53913665
1652	1.55161881
1653	1.55653071
1654	1.57226789
1655	1.58175611
1656	1.59183311
1657	1.60052872
1658	1.61444402
1659	1.6234026
1660	1.62339044
1661	1.62479258
1662	1.62929916
1663	1.63357544
1664	1.62648153
1665	1.62049961
1666	1.59708476
1667	1.57453573
1668	1.57706571
1669	1.57583272
1670	1.53192616
1671	1.49619293
1672	1.51364589
1673	1.53222156
1674	1.51132607
1675	1.47621894
1676	1.42478883
1677	1.37024164
1678	1.36083794
1679	1.35946131
1680	1.34535396
1681	1.32302749
1682	1.29625869
1683	1.26584971
1684	1.26326835
1685	1.25954592
1686	1.2293644
1687	1.16553378
1688	1.13792372
1689	1.10633492
1690	1.09685552
1691	1.09567738
1692	1.07452846
1693	1.02448237
1694	1.01282191
1695	1.02060902
1696	0.994923711
1697	0.911024451
1698	0.893778682
1699	0.908289671
1700	0.902050018
1701	0.862955809
1702	0.832677245
1703	0.810246229
1704	0.789423585
1705	0.762712181
1706	0.747818291
1707	0.734994173
1708	0.716931045
1709	0.682430685
1710	0.665902972
1711	0.663589776
1712	0.660776079
1713	0.650360405
1714	0.643724382
1715	0.622717142
1716	0.615525842
1717	0.639028728
1718	0.649761379
1719	0.627228558
1720	0.610083699
1721	0.600838006
1722	0.593853593
1723	0.590411723
1724	0.585429192
1725	0.567330718
1726	0.557901561
1727	0.586629331
1728	0.604578435
1729	0.582022071
1730	0.566810727
1731	0.582778037
1732	0.59542954
1733	0.587873578
1734	0.579285085
1735	0.576263249
1736	0.576341748
1737	0.582405806
1738	0.58654952
1739	0.578193545
1740	0.566523492
1741	0.555674791
1742	0.548842251
1743	0.55623585
1744	0.560094357
1745	0.543415248
1746	0.530852318
1747	0.539365292
1748	0.549413264
1749	0.546172619
1750	0.53912133
1751	0.528064668
1752	0.517034292
1753	0.510945618
1754	0.506939173
1755	0.508662105
1756	0.512280524
1757	0.512943268
1758	0.511670113
1759	0.499336064
1760	0.486645043
1761	0.488789082
1762	0.491277844
1763	0.498295724
1764	0.506423116
1765	0.503423095
1766	0.499087542
1767	0.48970449
1768	0.48016417
1769	0.486819029
1770	0.493513644
1771	0.480223835
1772	0.468584597
1773	0.489263237
1774	0.509370387
1775	0.496847034
1776	0.481244534
1777	0.473814845
1778	0.464796901
1779	0.456662595
1780	0.452626199
1781	0.459804535
1782	0.467433393
1783	0.469246477
1784	0.469846606
1785	0.461305261
1786	0.455934167
1787	0.477445513
1788	0.493381023
1789	0.466630161
1790	0.444230497
1791	0.447914422
1792	0.449210644
1793	0.437394798
1794	0.42885071
1795	0.432441354
1796	0.435772121
1797	0.443692148
1798	0.449218839
1799	0.448481917
1800	0.447777569
1801	0.446089149
1802	0.444584727
1803	0.442162514
1804	0.441678286
1805	0.453927249
1806	0.460115075
1807	0.459397733
1808	0.457771897
1809	0.440886199
1810	0.430690587
1811	0.419700235
1812	0.416965127
1813	0.431307435
1814	0.440389752
1815	0.451478779
1816	0.452613235
1817	0.434489131
1818	0.427188277
1819	0.433336616
1820	0.437471926
1821	0.445772529
1822	0.44467169
1823	0.431618214
1824	0.423499823
1825	0.419198751
1826	0.42261833
1827	0.432469189
1828	0.432483494
1829	0.429055154
1830	0.42460376
1831	0.414163411
1832	0.424171269
1833	0.450517744
1834	0.445357502
1835	0.423109472
1836	0.41729635
1837	0.417019218
1838	0.418000638
1839	0.420224011
1840	0.422892272
1841	0.429124415
1842	0.438822508
1843	0.448230505
1844	0.440635562
1845	0.425300181
1846	0.412637293
1847	0.400469482
1848	0.401725948
1849	0.404771328
1850	0.416962981
1851	0.42707026
1852	0.410042703
1853	0.395934284
1854	0.413417965
1855	0.426893651
1856	0.424905598
1857	0.420994103
1858	0.415598869
1859	0.410503328
1860	0.403827816
1861	0.396230251
1862	0.386045247
1863	0.382900953
1864	0.384908378
1865	0.388770819
1866	0.392572224
1867	0.396526694
1868	0.40118736
1869	0.400740772
1870	0.395486355
1871	0.389637709
1872	0.385276735
1873	0.387322634
1874	0.397984713
1875	0.414683431
1876	0.438177854
1877	0.423445702
1878	0.38453871
1879	0.377856582
1880	0.379330486
1881	0.387758076
1882	0.400463134
1883	0.391420841
1884	0.378800094
1885	0.386982143
1886	0.396680504
1887	0.39744848
1888	0.398027658
1889	0.387745082
1890	0.380656898
1891	0.390300691
1892	0.394713908
1893	0.384747952
1894	0.380424082
1895	0.394687116
1896	0.400977045
1897	0.403604746
1898	0.398082256
1899	0.38448146
1900	0.381996095
1901	0.38885808
1902	0.387598455
1903	0.379959762
1904	0.377332032
1905	0.376859993
1906	0.368028283
1907	0.351257116
1908	0.359720767
1909	0.376734018
1910	0.372072339
1911	0.364600182
1912	0.379183292
1913	0.394317985
1914	0.386669755
1915	0.378820777
1916	0.371680379
1917	0.367558897
1918	0.351219982
1919	0.344106108
1920	0.359422177
1921	0.37411955
1922	0.390604854
1923	0.394887865
1924	0.384234041
1925	0.373193562
1926	0.361848652
1927	0.358376294
1928	0.353632659
1929	0.357102334
1930	0.363617927
1931	0.379562497
1932	0.402299821
1933	0.387391031
1934	0.36188972
1935	0.356871367
1936	0.35337171
1937	0.352558106
1938	0.350369513
1939	0.350626498
1940	0.3526586
1941	0.363681614
1942	0.369209647
1943	0.362276375
1944	0.3601183
1945	0.366964877
1946	0.369163781
1947	0.367243588
1948	0.371986926
1949	0.381433129
1950	0.379289895
1951	0.364122599
1952	0.354474604
1953	0.343980432
1954	0.336929113
1955	0.328802526
1956	0.351247549
1957	0.376228333
1958	0.378705978
1959	0.376165211
1960	0.35705781
1961	0.342876971
1962	0.346087039
1963	0.34909004
1964	0.348418057
1965	0.344853401
1966	0.321410984
1967	0.314647943
1968	0.31130898
1969	0.318868667
1970	0.331207216
1971	0.339053541
1972	0.34656623
1973	0.351232708
1974	0.357535928
1975	0.358669847
1976	0.355695009
1977	0.331111759
1978	0.315525979
1979	0.344375283
1980	0.364517987
1981	0.360290647
1982	0.359988093
1983	0.369178355
1984	0.363864839
1985	0.338187963
1986	0.342303902
1987	0.36821574
1988	0.364254653
1989	0.34897548
1990	0.340509415
1991	0.332774967
1992	0.341479182
1993	0.35250932
1994	0.357810915
1995	0.358639628
1996	0.349336922
1997	0.343423247
1998	0.34444952
1999	0.341609657
2000	0.332281739
2001	0.332200319
2002	0.343417943
2003	0.345157564
2004	0.340755492
2005	0.346443713
2006	0.356633753
2007	0.357269675
2008	0.357130975
2009	0.35090813
2010	0.34588632
2011	0.347463101
2012	0.348462343
2013	0.341631413
2014	0.337675095
2015	0.328267097
2016	0.329632014
2017	0.342668533
2018	0.33868891
2019	0.321337521
2020	0.324714929
2021	0.332951069
2022	0.327172697
2023	0.318011582
2024	0.313493848
2025	0.312116742
2026	0.325230449
2027	0.333015501
2028	0.333301127
2029	0.328239799
2030	0.317308545
2031	0.317691743
2032	0.32845062
2033	0.319684088
2034	0.297688007
2035	0.315996945
2036	0.346137971
2037	0.343851537
2038	0.336435616
2039	0.325831354
2040	0.313868552
2041	0.307537794
2042	0.313814461
2043	0.342224598
2044	0.348220706
2045	0.334944189
2046	0.322449178
2047	0.307618409
2048	0.31972307
2049	0.336924344
2050	0.316289455
2051	0.293943822
2052	0.297305852
2053	0.300568461
2054	0.299714029
2055	0.298621446
2056	0.303749889
2057	0.312680274
2058	0.334849
2059	0.326674134
2060	0.301285774
2061	0.292266279
2062	0.292390138
2063	0.296987653
2064	0.29981029
2065	0.311294943
2066	0.320591301
2067	0.312471837
2068	0.307254046
2069	0.294724792
2070	0.28610599
2071	0.28444168
2072	0.291223288
2073	0.304377586
2074	0.300695747
2075	0.294761419
2076	0.290506244
2077	0.290917814
2078	0.313316464
2079	0.324747026
2080	0.306524783
2081	0.296951056
2082	0.279614806
2083	0.287283689
2084	0.305673033
2085	0.296921343
2086	0.281358927
2087	0.290547878
2088	0.301712453
2089	0.306779116
2090	0.305351853
2091	0.286714345
2092	0.274987549
2093	0.268952221
2094	0.28249976
2095	0.317986101
2096	0.312253594
2097	0.29896912
2098	0.304872692
2099	0.311967194
2100	0.301319212
2101	0.295058936
2102	0.295468926
2103	0.291923404
2104	0.28624019
2105	0.289280295
2106	0.302802116
2107	0.3108778
2108	0.316140145
2109	0.319234848
2110	0.316391289
2111	0.297969609
2112	0.280883431
2113	0.27117154
2114	0.274448454
2115	0.296025544
2116	0.288571447
2117	0.270754933
2118	0.274549216
2119	0.28161481
2120	0.277591169
2121	0.274822086
2122	0.287827849
2123	0.291451365
2124	0.276218295
2125	0.271326154
2126	0.267056912
2127	0.271737963
2128	0.281463951
2129	0.282240391
2130	0.281002223
2131	0.277102679
2132	0.277316421
2133	0.296764076
2134	0.308879644
2135	0.315797001
2136	0.297750294
2137	0.255824685
2138	0.260711551
2139	0.278161556
2140	0.288774043
2141	0.294272929
2142	0.281879187
2143	0.266436368
2144	0.246792197
2145	0.248214394
2146	0.269620717
2147	0.286752522
2148	0.3007074
2149	0.305668235
2150	0.309578389
2151	0.296529919
2152	0.284317851
2153	0.265017897
2154	0.265207767
2155	0.29603827
2156	0.292989433
2157	0.278817117
2158	0.273538321
2159	0.269239664
2160	0.281486481
2161	0.28294313
2162	0.243024737
2163	0.235617563
2164	0.26050818
2165	0.275480032
2166	0.288346052
2167	0.277933002
2168	0.261977553
2169	0.249765217
2170	0.246915787
2171	0.28234753
2172	0.291128099
2173	0.274083018
2174	0.253969491
2175	0.232206196
2176	0.247037798
2177	0.26510781
2178	0.262536049
2179	0.260541856
2180	0.264441133
2181	0.271867633
2182	0.282440335
2183	0.276610225
2184	0.260271102
2185	0.255733997
2186	0.251607209
2187	0.261632025
2188	0.265877634
2189	0.249628901
2190	0.257042438
2191	0.287770063
2192	0.286144733
2193	0.273773015
2194	0.270880371
2195	0.267023236
2196	0.256265163
2197	0.246867269
2198	0.24542439
2199	0.243337125
2200	0.240778327
2201	0.251674563
2202	0.268058002
2203	0.255302548
2204	0.24332279
2205	0.236239672
2206	0.238481566
2207	0.261936963
2208	0.264351487
2209	0.258315057
2210	0.253833711
2211	0.248408794
2212	0.229990035
2213	0.22122778
2214	0.239382401
2215	0.244526744
2216	0.235178143
2217	0.2509408
2218	0.283201158
2219	0.280501038
2220	0.274559021
2221	0.256732196
2222	0.243458062
2223	0.240696639
2224	0.244793773
2225	0.256715983
2226	0.254899204
2227	0.245045185
2228	0.206225693
2229	0.188726351
2230	0.223294914
2231	0.244892955
2232	0.260426223
2233	0.243760079
2234	0.213225782
2235	0.239172906
2236	0.26343447
2237	0.254120618
2238	0.251273841
2239	0.255981177
2240	0.251494229
2241	0.238667727
2242	0.22481522
2243	0.212793276
2244	0.226837516
2245	0.232638985
2246	0.227672592
2247	0.218079224
2248	0.202031508
2249	0.210579783
2250	0.224087298
2251	0.191818401
2252	0.178146496
2253	0.236099929
2254	0.24401626
2255	0.21290572
2256	0.209176421
2257	0.209262073
2258	0.216789901
2259	0.22229594
2260	0.225881785
2261	0.220517337
2262	0.193533108
2263	0.207068175
2264	0.240363568
2265	0.250466108
2266	0.248937309
2267	0.19852072
2268	0.179686695
2269	0.196968853
2270	0.205519229
2271	0.218351036
2272	0.225132644
2273	0.228561223
2274	0.210568622
2275	0.196809471
2276	0.183343083
2277	0.183646977
2278	0.19079347
2279	0.202335685
2280	0.210865378
2281	0.204624236
2282	0.200779825
2283	0.202435136
2284	0.207572311
2285	0.211948931
2286	0.213119179
2287	0.213306695
2288	0.203373089
2289	0.200412273
2290	0.208133698
2291	0.207774371
2292	0.204191715
2293	0.20520632
2294	0.208783656
2295	0.213553578
2296	0.221733481
2297	0.250817478
2298	0.237039477
2299	0.19744274
2300	0.194787174
2301	0.193342164
2302	0.181753278
2303	0.180563927
2304	0.192930073
2305	0.191170037
2306	0.184120327
2307	0.189678356
2308	0.197162956
2309	0.219351858
2310	0.233191907
2311	0.225959212
2312	0.202624977
2313	0.163836539
2314	0.15775317
2315	0.161366597
2316	0.21077919
2317	0.217495561
2318	0.20079124
2319	0.188272625
2320	0.17618306
2321	0.160324678
2322	0.150700554
2323	0.152079001
2324	0.168271512
2325	0.202301204
2326	0.208530426
2327	0.207998723
2328	0.166191131
2329	0.153132588
2330	0.17284596
2331	0.191314042
2332	0.205121994
2333	0.189112455
2334	0.178570539
2335	0.203708023
2336	0.210967213
2337	0.210447714
2338	0.197947651
2339	0.184196964
2340	0.201821208
2341	0.204462737
2342	0.144756421
2343	0.150899455
2344	0.191565424
2345	0.20886907
2346	0.216492087
2347	0.174467832
2348	0.15438506
2349	0.153251648
2350	0.15972589
2351	0.17198278
2352	0.163909197
2353	0.154729009
2354	0.149861246
2355	0.162634984
2356	0.202226698
2357	0.199737653
2358	0.192927152
2359	0.183762074
2360	0.181576148
2361	0.179373771
2362	0.167313397
2363	0.142384067
2364	0.145942077
2365	0.15152663
2366	0.170914605
2367	0.179880545
2368	0.185574085
2369	0.174830616
2370	0.161660165
2371	0.182476714
2372	0.19229123
2373	0.182769209
2374	0.170990199
2375	0.152401999
2376	0.177230269
2377	0.192982048
2378	0.163749292
2379	0.161127135
2380	0.174813896
2381	0.167943209
2382	0.162236676
2383	0.188241869
2384	0.191849709
2385	0.163548544
2386	0.163518846
2387	0.171753928
2388	0.160170615
2389	0.151971593
